reference_date,location,horizon,target_end_date,future_rw_scale,mean,map_mean,q0.025,q0.1,q0.25,q0.5,q0.75,q0.9,q0.975,season,observed
2024-10-06,SE,0,2024-10-06,1.0,13.276723841698384,8.629576529384652,3.0,5.0,8.0,10.0,14.0,19.0,31.049999999999955,2024,11.0
2024-10-06,SE,1,2024-10-13,1.0,15.992798360279533,9.336219360401792,3.0,6.0,8.0,11.0,15.0,21.0,38.0,2024,23.0
2024-10-06,SE,2,2024-10-20,1.0,20.886276369993922,10.194186110901589,4.0,6.0,9.0,12.0,17.0,25.0,52.02499999999998,2024,32.0
2024-10-06,SE,3,2024-10-27,1.0,28.53823548573919,11.33216914111024,4.0,6.0,9.0,13.0,21.0,31.100000000000023,83.04999999999995,2024,39.0
2024-10-06,SE-M,0,2024-10-06,1.0,6.495210006895543,1.0084299085393371,0.0,0.0,0.0,1.0,2.0,5.0,28.024999999999977,2024,1.0
2024-10-06,SE-M,1,2024-10-13,1.0,7.298914839415925,1.0586557354112738,0.0,0.0,1.0,1.0,3.0,5.0,40.02499999999998,2024,1.0
2024-10-06,SE-M,2,2024-10-20,1.0,8.367072426197188,1.126919717048318,0.0,0.0,0.0,1.0,3.0,5.0,49.149999999999864,2024,2.0
2024-10-06,SE-M,3,2024-10-27,1.0,9.566810945866836,1.2158741276458036,0.0,0.0,1.0,2.0,3.0,7.0,68.17499999999984,2024,3.0
2024-10-06,SE-O,0,2024-10-06,1.0,17.18475719082681,2.5925582174772783,0.0,1.0,2.0,4.0,8.0,22.100000000000023,157.17499999999984,2024,1.0
2024-10-06,SE-O,1,2024-10-13,1.0,22.283696200119515,3.0680719943914134,0.0,1.0,3.0,5.0,10.0,33.0,176.92499999999916,2024,4.0
2024-10-06,SE-O,2,2024-10-20,1.0,29.66307758961802,3.6531783364383785,0.0,2.0,3.0,6.0,12.0,52.10000000000002,217.17499999999984,2024,5.0
2024-10-06,SE-O,3,2024-10-27,1.0,39.63855997132795,4.475039996155818,0.0,2.0,3.0,7.0,20.0,74.10000000000002,353.0999999999999,2024,4.0
2024-10-13,SE,0,2024-10-13,1.0,20.104016607975034,10.92757155353126,5.0,7.0,10.0,13.0,17.0,24.0,48.0,2024,23.0
2024-10-13,SE,1,2024-10-20,1.0,28.551950358409393,12.57134296519351,5.0,8.0,11.0,15.0,21.0,31.0,68.07499999999993,2024,32.0
2024-10-13,SE,2,2024-10-27,1.0,38.71122159358458,14.099734177502416,6.0,8.0,12.0,16.0,24.0,43.0,132.0,2024,39.0
2024-10-13,SE,3,2024-11-03,1.0,53.215099789985494,15.928689248880694,5.0,9.0,13.0,19.0,29.0,65.0,240.17499999999984,2024,33.0
2024-10-13,SE-M,0,2024-10-13,1.0,7.73565660453078,1.118544448590751,0.0,0.0,0.0,1.0,3.0,5.0,41.049999999999955,2024,1.0
2024-10-13,SE-M,1,2024-10-20,1.0,9.799010635215993,1.2628003439086635,0.0,0.0,1.0,2.0,3.0,6.0,60.07499999999993,2024,2.0
2024-10-13,SE-M,2,2024-10-27,1.0,11.315189914912434,1.346741109399292,0.0,0.0,1.0,2.0,3.0,9.0,89.07499999999993,2024,3.0
2024-10-13,SE-M,3,2024-11-03,1.0,13.098411624029769,1.426393335823971,0.0,0.0,1.0,2.0,4.0,13.0,115.24999999999977,2024,3.0
2024-10-13,SE-O,0,2024-10-13,1.0,16.987984797216278,2.4025983712694794,0.0,1.0,2.0,4.0,7.0,24.0,142.0999999999999,2024,4.0
2024-10-13,SE-O,1,2024-10-20,1.0,21.637117764109615,2.815190392516077,0.0,1.0,2.0,5.0,9.0,31.0,174.19999999999982,2024,5.0
2024-10-13,SE-O,2,2024-10-27,1.0,27.11941283671644,3.267383645020582,0.0,1.0,3.0,5.0,12.0,41.10000000000002,211.4249999999996,2024,4.0
2024-10-13,SE-O,3,2024-11-03,1.0,33.77784922123204,3.8741607782531045,0.0,2.0,3.0,6.0,16.0,66.0,289.025,2024,6.0
2024-10-20,SE,0,2024-10-20,1.0,62.60824476255844,24.760256860103436,14.0,18.0,23.0,30.0,44.0,79.10000000000002,247.2249999999998,2024,32.0
2024-10-20,SE,1,2024-10-27,1.0,102.41140272914484,33.779173760050305,17.0,22.0,29.0,41.0,64.25,146.10000000000002,482.07499999999993,2024,39.0
2024-10-20,SE,2,2024-11-03,1.0,181.07952967502166,49.20747203984887,18.0,26.0,38.0,59.0,117.0,284.1,1099.9499999999982,2024,33.0
2024-10-20,SE,3,2024-11-10,1.0,339.38759110167274,75.95616002630138,18.0,30.0,52.0,90.0,232.25,622.1,2460.949999999999,2024,26.0
2024-10-20,SE-M,0,2024-10-20,1.0,8.501474686142082,1.1911060164271996,0.0,0.0,1.0,2.0,3.0,5.0,47.02499999999998,2024,2.0
2024-10-20,SE-M,1,2024-10-27,1.0,9.421870301905855,1.238596404819588,0.0,0.0,1.0,2.0,3.0,6.100000000000023,65.04999999999995,2024,3.0
2024-10-20,SE-M,2,2024-11-03,1.0,10.893342975430176,1.322061419100722,0.0,0.0,1.0,2.0,3.0,9.100000000000023,91.04999999999995,2024,3.0
2024-10-20,SE-M,3,2024-11-10,1.0,13.340275180692284,1.4456668301345996,0.0,0.0,1.0,2.0,4.0,14.0,114.07499999999993,2024,5.0
2024-10-20,SE-O,0,2024-10-20,1.0,18.4824271268149,3.6248974968542678,1.0,2.0,3.0,6.0,10.0,30.100000000000023,119.04999999999995,2024,5.0
2024-10-20,SE-O,1,2024-10-27,1.0,24.68100812409264,4.359192723408056,1.0,2.0,4.0,7.0,14.0,44.0,170.1249999999999,2024,4.0
2024-10-20,SE-O,2,2024-11-03,1.0,34.11998889568771,5.526732859204793,1.0,2.0,4.0,8.0,20.0,62.10000000000002,213.2249999999998,2024,6.0
2024-10-20,SE-O,3,2024-11-10,1.0,48.00588130143928,7.380874814206608,1.0,3.0,5.0,11.0,30.0,104.20000000000005,341.0,2024,7.0
2024-10-27,SE,0,2024-10-27,1.0,79.67035122428275,45.95615880002083,29.0,36.0,45.0,57.0,75.0,113.10000000000002,296.14999999999986,2024,39.0
2024-10-27,SE,1,2024-11-03,1.0,133.96189964547952,70.02287295224556,37.0,48.0,63.0,86.0,131.0,212.10000000000002,565.0749999999999,2024,33.0
2024-10-27,SE,2,2024-11-10,1.0,260.8363031421377,120.32072132522545,43.0,65.0,95.0,150.5,265.0,479.0000000000002,1229.874999999999,2024,26.0
2024-10-27,SE,3,2024-11-17,1.0,551.8420585290179,224.70900941309583,49.975,87.0,153.0,274.0,568.0,1190.2000000000003,2744.324999999999,2024,45.0
2024-10-27,SE-M,0,2024-10-27,1.0,12.67339881176796,1.4236199914763823,0.0,0.0,1.0,2.0,4.0,10.0,120.04999999999995,2024,3.0
2024-10-27,SE-M,1,2024-11-03,1.0,14.5095728563535,1.488195353943365,0.0,0.0,1.0,2.0,4.0,15.0,131.39999999999964,2024,3.0
2024-10-27,SE-M,2,2024-11-10,1.0,17.881707399790745,1.6462730160082295,0.0,0.0,1.0,2.0,5.0,26.100000000000023,177.07499999999993,2024,5.0
2024-10-27,SE-M,3,2024-11-17,1.0,23.158069734617236,1.8815331862285132,0.0,0.0,1.0,2.0,6.0,39.10000000000002,224.17499999999984,2024,8.0
2024-10-27,SE-O,0,2024-10-27,1.0,19.09615931744263,5.610629119613121,1.9750000000000014,3.0,5.0,9.0,14.0,32.10000000000002,115.02499999999998,2024,4.0
2024-10-27,SE-O,1,2024-11-03,1.0,26.26148715764068,7.160206193364439,2.0,4.0,6.0,11.0,19.0,48.10000000000002,153.1249999999999,2024,6.0
2024-10-27,SE-O,2,2024-11-10,1.0,39.826427135528036,10.024139440251544,2.0,4.0,8.0,14.0,33.0,85.10000000000002,235.02499999999998,2024,7.0
2024-10-27,SE-O,3,2024-11-17,1.0,64.02361186236207,15.070166446041485,2.0,6.0,11.0,21.0,56.25,152.10000000000002,349.37499999999966,2024,3.0
2024-11-03,SE,0,2024-11-03,1.0,79.687417096564,51.472008012666876,36.0,42.0,51.0,62.0,79.25,118.0,255.0,2024,33.0
2024-11-03,SE,1,2024-11-10,1.0,116.4703176421021,70.63028744653352,37.0,50.0,66.0,88.0,125.0,184.10000000000002,400.5249999999995,2024,26.0
2024-11-03,SE,2,2024-11-17,1.0,211.93023832178002,116.20437190025694,43.975,64.0,95.0,146.0,232.0,398.20000000000005,824.2499999999998,2024,45.0
2024-11-03,SE,3,2024-11-24,1.0,439.2189745106867,211.9938475912788,54.95,89.0,147.75,261.0,488.25,946.1,1797.7999999999993,2024,33.0
2024-11-03,SE-M,0,2024-11-03,1.0,19.218651689553013,2.1025603057749125,0.0,1.0,1.0,3.0,6.0,20.0,159.02499999999998,2024,3.0
2024-11-03,SE-M,1,2024-11-10,1.0,22.482325840842826,2.3398150292234363,0.0,1.0,2.0,3.0,7.0,31.0,207.4499999999996,2024,5.0
2024-11-03,SE-M,2,2024-11-17,1.0,29.706082729521658,2.887374813003576,0.0,1.0,2.0,4.0,10.0,55.200000000000045,294.07499999999993,2024,8.0
2024-11-03,SE-M,3,2024-11-24,1.0,42.10331455645918,3.77872912351775,0.0,1.0,2.0,5.0,17.0,102.10000000000002,388.17499999999984,2024,5.0
2024-11-03,SE-O,0,2024-11-03,1.0,16.949832703169484,5.170766355175667,1.0,3.0,5.0,8.0,12.25,29.0,103.0,2024,6.0
2024-11-03,SE-O,1,2024-11-10,1.0,20.340444322284807,5.9726984060521,1.0,3.0,5.0,9.0,16.0,40.10000000000002,113.04999999999995,2024,7.0
2024-11-03,SE-O,2,2024-11-17,1.0,29.12587607202451,8.047016898912792,2.0,4.0,6.0,12.0,25.25,58.0,174.1249999999999,2024,3.0
2024-11-03,SE-O,3,2024-11-24,1.0,46.79097370393722,11.893193847191512,2.0,4.0,8.0,17.0,40.0,107.0,278.04999999999995,2024,3.0
2024-11-10,SE,0,2024-11-10,1.0,64.25868825376996,43.945860215000025,28.0,35.0,43.0,53.0,67.25,91.0,174.19999999999982,2024,26.0
2024-11-10,SE,1,2024-11-17,1.0,88.2494177157894,57.59404965486939,31.0,39.0,52.0,70.0,100.0,139.10000000000002,264.14999999999986,2024,45.0
2024-11-10,SE,2,2024-11-24,1.0,143.03629789291332,85.51063442904675,32.0,48.0,68.0,104.0,162.25,268.0,448.72499999999934,2024,33.0
2024-11-10,SE,3,2024-12-01,1.0,259.55737278167413,135.19584572915687,35.975,57.0,94.0,161.0,303.25,555.1,1047.3999999999996,2024,68.0
2024-11-10,SE-M,0,2024-11-10,1.0,14.404528647402458,2.8388620036185026,0.0,1.0,2.0,4.0,7.0,19.0,106.24999999999977,2024,5.0
2024-11-10,SE-M,1,2024-11-17,1.0,19.214298616325266,3.526260936481103,0.0,1.0,3.0,5.0,10.0,28.0,150.02499999999998,2024,8.0
2024-11-10,SE-M,2,2024-11-24,1.0,29.069332339021827,4.841206069513301,0.0,1.0,3.0,7.0,16.0,52.10000000000002,229.2249999999998,2024,5.0
2024-11-10,SE-M,3,2024-12-01,1.0,46.320948855969746,7.031471150782791,0.0,2.0,4.0,9.0,27.0,108.0,377.1249999999999,2024,11.0
2024-11-10,SE-O,0,2024-11-10,1.0,17.29181735631766,6.340020447158831,2.0,4.0,6.0,9.5,15.0,31.0,91.07499999999993,2024,7.0
2024-11-10,SE-O,1,2024-11-17,1.0,22.614118294491355,8.123534799907151,2.0,4.0,7.0,12.0,21.0,42.0,118.02499999999998,2024,3.0
2024-11-10,SE-O,2,2024-11-24,1.0,35.34278872352776,12.005326235730424,2.0,5.0,9.0,18.0,35.0,74.0,172.0999999999999,2024,3.0
2024-11-10,SE-O,3,2024-12-01,1.0,61.60061183571731,19.144639143749004,3.0,7.0,13.0,26.0,63.0,142.10000000000002,326.0999999999999,2024,9.0
2024-11-17,SE,0,2024-11-17,1.0,50.27630996656677,34.70138136786568,22.0,28.0,33.0,41.0,54.0,71.10000000000002,143.04999999999995,2024,45.0
2024-11-17,SE,1,2024-11-24,1.0,63.09236157351231,42.15727118659332,21.0,29.0,38.0,51.0,71.0,100.10000000000002,180.0,2024,33.0
2024-11-17,SE,2,2024-12-01,1.0,89.6068224703602,55.38045371396839,20.975,33.0,45.0,67.0,104.0,159.10000000000002,279.0,2024,68.0
2024-11-17,SE,3,2024-12-08,1.0,140.62372651084448,75.68245513026326,21.0,35.0,55.0,91.0,159.0,285.30000000000007,583.0,2024,89.0
2024-11-17,SE-M,0,2024-11-17,1.0,16.586491680684986,5.390421505522395,1.0,3.0,5.0,8.0,13.25,27.0,102.04999999999995,2024,8.0
2024-11-17,SE-M,1,2024-11-24,1.0,25.210436415518554,8.040510329432035,1.9750000000000014,3.0,6.0,11.5,22.0,47.0,161.02499999999998,2024,5.0
2024-11-17,SE-M,2,2024-12-01,1.0,43.70260543834666,13.153445947427837,2.0,5.0,10.0,18.0,42.0,94.10000000000002,267.025,2024,11.0
2024-11-17,SE-M,3,2024-12-08,1.0,80.01940117834104,22.693284174153426,2.0,6.900000000000006,13.0,29.0,81.0,194.20000000000005,500.5499999999995,2024,14.0
2024-11-17,SE-O,0,2024-11-17,1.0,20.673755776885084,8.720064841299903,3.0,6.0,8.0,13.0,20.0,36.0,97.0,2024,3.0
2024-11-17,SE-O,1,2024-11-24,1.0,30.851156096948255,12.962081340456502,4.0,7.0,11.75,19.0,33.0,60.0,141.24999999999977,2024,3.0
2024-11-17,SE-O,2,2024-12-01,1.0,52.427060311434474,20.940729350778554,5.0,9.0,16.0,29.0,58.0,110.20000000000005,258.025,2024,9.0
2024-11-17,SE-O,3,2024-12-08,1.0,95.03649148974652,35.346078555357444,5.0,13.0,24.0,46.5,108.0,224.0,494.2499999999998,2024,6.0
2024-11-24,SE,0,2024-11-24,1.0,76.75044941978139,54.241675506782414,35.0,43.0,52.0,64.0,82.0,107.10000000000002,212.29999999999973,2024,33.0
2024-11-24,SE,1,2024-12-01,1.0,107.91403306312098,73.31186672049459,37.975,49.900000000000006,64.0,86.0,124.0,171.0,300.2499999999998,2024,68.0
2024-11-24,SE,2,2024-12-08,1.0,175.0705351163692,108.63419451663626,42.0,59.900000000000006,84.75,129.0,205.0,324.1,572.3749999999997,2024,89.0
2024-11-24,SE,3,2024-12-15,1.0,314.40136309871673,168.31988674811117,44.975,67.9,113.75,196.0,374.0,652.5000000000001,1320.1,2024,253.0
2024-11-24,SE-M,0,2024-11-24,1.0,26.73616204671406,11.247861914666846,3.9750000000000014,6.0,10.0,16.0,25.0,48.10000000000002,120.07499999999993,2024,5.0
2024-11-24,SE-M,1,2024-12-01,1.0,44.6072277749846,19.152012143508035,5.0,9.0,15.0,27.0,48.0,85.10000000000002,199.07499999999993,2024,11.0
2024-11-24,SE-M,2,2024-12-08,1.0,84.16461120983395,35.90356067022879,7.975000000000001,15.0,26.0,46.0,98.0,182.0,347.5249999999995,2024,14.0
2024-11-24,SE-M,3,2024-12-15,1.0,159.4127233172379,69.87867243984377,8.0,20.0,42.0,90.0,199.0,376.1,748.0999999999999,2024,45.0
2024-11-24,SE-O,0,2024-11-24,1.0,15.702959375569284,6.891202058979173,2.0,4.0,6.75,10.0,16.0,29.0,83.02499999999998,2024,3.0
2024-11-24,SE-O,1,2024-12-01,1.0,20.1912031736282,8.835308620791578,2.0,4.0,8.0,12.5,21.25,40.0,95.04999999999995,2024,9.0
2024-11-24,SE-O,2,2024-12-08,1.0,30.14355697525491,12.28478081425029,2.0,5.0,9.0,17.0,33.0,66.20000000000005,147.07499999999993,2024,6.0
2024-11-24,SE-O,3,2024-12-15,1.0,49.66474798988558,17.815140838228295,3.0,6.900000000000006,12.0,24.0,52.0,112.0,282.07499999999993,2024,12.0
2024-12-01,SE,0,2024-12-01,1.0,67.4032209588064,48.46521114859182,30.0,38.0,46.0,56.0,73.0,96.10000000000002,177.04999999999995,2024,68.0
2024-12-01,SE,1,2024-12-08,1.0,95.25640294285465,65.98434513952037,33.0,44.0,57.75,79.0,109.0,145.0,250.72499999999934,2024,89.0
2024-12-01,SE,2,2024-12-15,1.0,136.12592215861963,86.80613906442441,34.0,48.0,69.0,102.0,164.0,245.10000000000002,436.04999999999995,2024,253.0
2024-12-01,SE,3,2024-12-22,1.0,202.61333891643233,112.4608986054981,30.0,49.0,77.0,130.0,237.25,417.1,852.0999999999999,2024,472.0
2024-12-01,SE-M,0,2024-12-01,1.0,23.167832639859387,11.669978234082203,4.0,7.0,10.0,16.0,25.0,40.0,104.09999999999991,2024,11.0
2024-12-01,SE-M,1,2024-12-08,1.0,40.93494690334676,20.51591887640875,6.0,11.0,17.0,27.0,48.0,83.10000000000002,152.0,2024,14.0
2024-12-01,SE-M,2,2024-12-15,1.0,72.67151725468163,34.81393317440774,7.0,14.0,24.0,46.0,86.0,158.10000000000002,341.07499999999993,2024,45.0
2024-12-01,SE-M,3,2024-12-22,1.0,124.84312246572784,57.99318293033653,7.0,17.0,35.0,69.5,151.75,291.4000000000001,574.3249999999997,2024,78.0
2024-12-01,SE-O,0,2024-12-01,1.0,14.117576937357928,6.469041532199478,2.0,4.0,6.0,10.0,16.0,26.0,63.09999999999991,2024,9.0
2024-12-01,SE-O,1,2024-12-08,1.0,20.402487004425303,9.131146883925991,2.0,5.0,8.0,13.0,22.0,40.0,91.04999999999995,2024,6.0
2024-12-01,SE-O,2,2024-12-15,1.0,29.858740567885658,12.248613139087972,2.0,5.0,10.0,17.0,33.0,62.10000000000002,156.0,2024,12.0
2024-12-01,SE-O,3,2024-12-22,1.0,44.89955555784305,16.03458298750359,1.0,5.0,10.0,21.0,46.25,96.10000000000002,250.19999999999982,2024,27.0
2024-12-08,SE,0,2024-12-08,1.0,122.35059478201534,89.72397527556167,60.975,73.0,86.0,103.0,131.0,169.0,323.0999999999999,2024,89.0
2024-12-08,SE,1,2024-12-15,1.0,176.4634102482894,125.58240888979122,68.975,85.9,111.0,147.0,202.0,273.1,479.0,2024,253.0
2024-12-08,SE,2,2024-12-22,1.0,283.12315359801,187.18910392742586,74.0,108.9,148.75,223.0,334.0,514.1,879.2749999999997,2024,472.0
2024-12-08,SE,3,2024-12-29,1.0,451.78754941982413,269.21032335406534,76.0,118.9,182.0,315.0,541.25,920.2,1770.4999999999995,2024,672.0
2024-12-08,SE-M,0,2024-12-08,1.0,29.942885229567917,17.07281169695479,7.0,10.0,16.0,22.0,33.0,51.0,103.07499999999993,2024,14.0
2024-12-08,SE-M,1,2024-12-15,1.0,46.183677673256,26.48010820652329,8.0,14.900000000000006,23.0,35.0,55.0,86.10000000000002,156.37499999999966,2024,45.0
2024-12-08,SE-M,2,2024-12-22,1.0,77.40060058743096,42.85672470780177,9.0,17.0,31.0,53.0,93.25,157.10000000000002,304.14999999999986,2024,78.0
2024-12-08,SE-M,3,2024-12-29,1.0,121.29153148703374,65.45178763763904,11.0,21.0,39.0,77.0,148.25,264.5000000000001,478.0,2024,116.0
2024-12-08,SE-O,0,2024-12-08,1.0,20.265127552388833,10.3021502332189,4.0,6.0,9.0,14.0,22.0,37.0,88.04999999999995,2024,6.0
2024-12-08,SE-O,1,2024-12-15,1.0,26.17139162824587,13.016417415365268,3.0,7.0,11.0,17.5,30.0,52.10000000000002,108.0,2024,12.0
2024-12-08,SE-O,2,2024-12-22,1.0,38.47323845315793,17.71463596747694,3.9750000000000014,8.0,14.0,23.0,46.0,78.10000000000002,172.14999999999986,2024,27.0
2024-12-08,SE-O,3,2024-12-29,1.0,56.770717758259686,23.63631500606327,3.0,8.0,15.0,30.0,63.25,119.10000000000002,300.0,2024,42.0
2024-12-15,SE,0,2024-12-15,1.0,170.29699685245066,128.70230550299922,91.0,107.0,124.0,148.0,183.0,230.20000000000005,410.14999999999986,2024,253.0
2024-12-15,SE,1,2024-12-22,1.0,265.3035060611242,196.05655612692524,107.95,137.0,173.0,227.0,308.25,420.0,668.0,2024,472.0
2024-12-15,SE,2,2024-12-29,1.0,402.2538475992208,282.4020372221857,115.975,165.9,217.0,324.0,491.0,724.0,1196.125,2024,672.0
2024-12-15,SE,3,2025-01-05,1.0,454.01748813653165,297.8930869221445,88.0,142.9,206.75,347.5,559.25,912.2,1552.0749999999998,2024,731.0
2024-12-15,SE-M,0,2024-12-15,1.0,35.296899751024924,22.155523130971474,10.0,14.0,20.0,28.0,40.0,58.10000000000002,114.04999999999995,2024,45.0
2024-12-15,SE-M,1,2024-12-22,1.0,53.38554655731301,33.66056843146628,11.0,19.0,28.0,42.0,66.0,100.0,173.14999999999986,2024,78.0
2024-12-15,SE-M,2,2024-12-29,1.0,79.5723626379852,48.89562173704448,13.0,22.0,35.0,59.0,101.0,159.0,266.0999999999999,2024,116.0
2024-12-15,SE-M,3,2025-01-05,1.0,87.17258224012845,52.20087924729127,10.0,18.0,32.0,59.0,112.0,187.10000000000002,307.04999999999995,2024,114.0
2024-12-15,SE-O,0,2024-12-15,1.0,17.307251506904137,9.29717071317422,3.0,5.0,9.0,13.0,19.0,31.0,67.0,2024,12.0
2024-12-15,SE-O,1,2024-12-22,1.0,22.613450394430473,11.79297405764552,2.0,6.0,10.0,16.0,26.0,45.0,87.07499999999993,2024,27.0
2024-12-15,SE-O,2,2024-12-29,1.0,29.50996351033647,14.374936872468586,2.0,6.0,11.0,19.0,33.0,61.0,127.0,2024,42.0
2024-12-15,SE-O,3,2025-01-05,1.0,29.802684370347528,13.293411837949222,1.0,4.0,9.0,17.0,33.0,68.0,138.0999999999999,2024,57.0
2024-12-22,SE,0,2024-12-22,1.0,783.6239585130677,596.4876627922827,444.0,514.0,590.0,692.0,847.0,1085.3000000000002,1709.974999999998,2024,472.0
2024-12-22,SE,1,2024-12-29,1.0,1710.2652528977862,1337.406861486376,783.95,987.8,1194.0,1519.5,2004.25,2579.2,3632.6249999999995,2024,672.0
2024-12-22,SE,2,2025-01-05,1.0,2418.743782042957,1945.0870517567,862.8,1205.3,1540.75,2140.0,3022.0,4093.8,5322.874999999999,2024,731.0
2024-12-22,SE,3,2025-01-12,1.0,2689.281053838969,2250.242360988636,719.65,1083.3,1539.0,2245.5,3364.25,4998.400000000001,7004.075,2024,677.0
2024-12-22,SE-M,0,2024-12-22,1.0,113.05938428922035,79.55738074845537,41.0,59.0,74.0,99.0,130.0,182.10000000000002,279.025,2024,78.0
2024-12-22,SE-M,1,2024-12-29,1.0,195.72103651680737,146.70955434553582,60.0,86.0,122.0,173.0,239.0,328.0,492.1249999999999,2024,116.0
2024-12-22,SE-M,2,2025-01-05,1.0,227.99164378383813,181.45504501570636,52.925000000000004,86.0,128.75,195.0,290.0,409.20000000000005,583.4249999999996,2024,114.0
2024-12-22,SE-M,3,2025-01-12,1.0,209.89513965964133,179.26690279664268,34.925000000000004,65.9,103.75,172.0,269.5,409.1,595.0999999999999,2024,87.0
2024-12-22,SE-O,0,2024-12-22,1.0,26.07722951630852,15.244698713667216,5.0,10.0,14.0,20.0,29.0,45.0,86.02499999999998,2024,27.0
2024-12-22,SE-O,1,2024-12-29,1.0,34.84992087967231,20.084019361078365,5.0,12.0,16.0,26.0,41.0,66.0,119.02499999999998,2024,42.0
2024-12-22,SE-O,2,2025-01-05,1.0,35.322985617007916,19.59216998567743,3.0,8.0,14.0,25.0,42.0,72.10000000000002,141.0,2024,57.0
2024-12-22,SE-O,3,2025-01-12,1.0,31.293370004061256,16.145830391564584,2.0,6.0,10.0,19.0,38.0,71.0,128.02499999999998,2024,70.0
2024-12-29,SE,0,2024-12-29,1.0,1027.7142383157943,837.9375463175688,637.975,745.8,826.0,932.0,1087.25,1368.1,2006.5749999999994,2024,672.0
2024-12-29,SE,1,2025-01-05,1.0,1186.8658208827721,1000.5045062659717,623.9,779.8,923.5,1099.0,1368.25,1695.1,2167.2,2024,731.0
2024-12-29,SE,2,2025-01-12,1.0,1209.1118087448115,1040.9916316454467,484.0,657.8,846.0,1085.0,1466.25,1887.5000000000005,2474.6749999999993,2024,677.0
2024-12-29,SE,3,2025-01-19,1.0,1479.916912084156,1270.126145504506,390.975,612.0,861.0,1237.0,1810.25,2736.7000000000003,3957.225,2024,774.0
2024-12-29,SE-M,0,2024-12-29,1.0,155.90858671935655,122.66279815894005,69.0,92.9,114.0,142.5,176.0,230.10000000000002,320.0,2024,116.0
2024-12-29,SE-M,1,2025-01-05,1.0,158.53137327395163,133.1097101290846,53.0,84.0,112.0,146.0,191.0,246.0,345.025,2024,114.0
2024-12-29,SE-M,2,2025-01-12,1.0,146.2434449891014,129.28673843288067,34.975,61.900000000000006,92.0,128.0,182.0,248.0,373.0,2024,87.0
2024-12-29,SE-M,3,2025-01-19,1.0,158.12267773353162,144.33711582650108,20.0,47.0,77.75,127.0,201.0,313.30000000000007,459.0999999999999,2024,92.0
2024-12-29,SE-O,0,2024-12-29,1.0,49.034250394603326,32.29704523788683,14.975000000000001,23.0,31.0,42.0,56.0,82.0,146.04999999999995,2024,42.0
2024-12-29,SE-O,1,2025-01-05,1.0,47.61696249754276,31.924583682381805,9.950000000000003,19.900000000000006,27.75,38.0,56.0,81.0,137.07499999999993,2024,57.0
2024-12-29,SE-O,2,2025-01-12,1.0,43.73500231889501,29.0820647099237,7.0,14.0,22.75,34.0,55.0,86.10000000000002,129.07499999999993,2024,70.0
2024-12-29,SE-O,3,2025-01-19,1.0,51.061933082298594,31.974512699106484,5.0,11.900000000000006,20.0,36.0,63.0,110.0,178.07499999999993,2024,104.0
2025-01-05,SE,0,2025-01-05,1.0,780.5248141390183,674.6840975098139,494.8,591.0,652.0,726.0,832.0,1002.4000000000001,1435.05,2024,731.0
2025-01-05,SE,1,2025-01-12,1.0,598.0422081917523,535.9312320629965,320.95,410.9,479.75,566.0,679.0,823.0,1055.05,2024,677.0
2025-01-05,SE,2,2025-01-19,1.0,584.5190190632221,530.8485816301555,233.0,311.0,399.0,528.0,708.0,935.2,1254.1499999999999,2024,774.0
2025-01-05,SE,3,2025-01-26,1.0,857.4256470765786,755.1305832917981,212.0,315.8,454.5,704.0,1051.25,1544.7000000000003,2443.5749999999994,2024,939.0
2025-01-05,SE-M,0,2025-01-05,1.0,141.59312860510462,122.93851430136255,59.975,89.0,110.75,135.0,163.0,200.0,266.025,2024,114.0
2025-01-05,SE-M,1,2025-01-12,1.0,118.39873983011044,109.85121643975663,38.0,63.900000000000006,84.0,111.0,140.0,178.10000000000002,240.04999999999995,2024,87.0
2025-01-05,SE-M,2,2025-01-19,1.0,122.13064122600106,117.76336191960192,23.975,46.0,71.0,108.0,154.0,219.10000000000002,326.07499999999993,2024,92.0
2025-01-05,SE-M,3,2025-01-26,1.0,178.8888283197491,173.8149214806264,15.0,42.900000000000006,78.0,137.0,230.0,359.1,566.0,2024,128.0
2025-01-05,SE-O,0,2025-01-05,1.0,55.779787893513856,39.815583175196416,16.975,30.0,38.0,48.0,65.0,87.10000000000002,140.04999999999995,2024,57.0
2025-01-05,SE-O,1,2025-01-12,1.0,47.02455020109593,34.61887699666648,10.0,21.0,30.0,41.0,58.0,78.10000000000002,110.02499999999998,2024,70.0
2025-01-05,SE-O,2,2025-01-19,1.0,54.286180973026504,39.67042807666568,10.0,19.0,28.0,44.0,68.0,103.0,152.04999999999995,2024,104.0
2025-01-05,SE-O,3,2025-01-26,1.0,98.1389259172024,68.08149964145102,10.0,23.0,40.0,71.5,121.0,205.0,368.025,2024,123.0
2025-01-12,SE,0,2025-01-12,1.0,702.2485306959294,635.3216285103385,440.825,529.9,591.75,672.5,764.25,895.1,1161.1749999999997,2024,677.0
2025-01-12,SE,1,2025-01-19,1.0,781.4284589201094,736.8486450837659,379.975,493.9,607.0,741.0,907.25,1113.3000000000002,1462.2499999999998,2024,774.0
2025-01-12,SE,2,2025-01-26,1.0,1216.3198506524668,1154.3059402333536,381.975,576.9,778.0,1078.0,1502.5,2007.7000000000003,2774.874999999999,2024,939.0
2025-01-12,SE,3,2025-02-02,1.0,1927.5976413312503,1798.0608659437262,375.75,637.4000000000001,985.0,1550.0,2450.75,3639.9,5453.649999999999,2024,1208.0
2025-01-12,SE-M,0,2025-01-12,1.0,103.0593302829629,98.58777689735739,34.975,62.0,82.0,101.0,123.0,145.0,178.0,2024,87.0
2025-01-12,SE-M,1,2025-01-19,1.0,100.73119845977666,102.65310413239597,21.0,45.0,71.0,96.0,125.0,161.0,218.02499999999998,2024,92.0
2025-01-12,SE-M,2,2025-01-26,1.0,142.69419675562204,148.30848843469352,15.975000000000001,44.0,74.0,121.0,182.0,266.0,392.0999999999999,2024,128.0
2025-01-12,SE-M,3,2025-02-02,1.0,208.26245976817103,215.45777010058202,13.0,42.900000000000006,82.0,156.0,277.25,440.1,728.4999999999995,2024,171.0
2025-01-12,SE-O,0,2025-01-12,1.0,69.6282838423356,53.50079139351125,24.0,39.900000000000006,50.0,63.0,81.0,106.0,156.04999999999995,2024,70.0
2025-01-12,SE-O,1,2025-01-19,1.0,97.52427825088614,78.1577194213619,25.0,43.0,63.0,86.0,121.25,163.10000000000002,238.04999999999995,2024,104.0
2025-01-12,SE-O,2,2025-01-26,1.0,194.56146195408732,158.29902927759466,30.975,65.9,102.0,159.5,245.0,368.0,576.0749999999999,2024,123.0
2025-01-12,SE-O,3,2025-02-02,1.0,362.54544961498175,309.59573369393144,35.975,86.0,151.0,279.5,475.25,739.1,1204.7499999999993,2024,168.0
2025-01-19,SE,0,2025-01-19,1.0,846.6522325280793,809.9625394043233,510.75,638.8,728.0,825.5,942.25,1077.5,1302.6999999999994,2024,774.0
2025-01-19,SE,1,2025-01-26,1.0,1352.4557789473836,1346.3029702738659,611.775,805.6,1031.75,1304.0,1608.5,1893.3000000000002,2559.4249999999997,2024,939.0
2025-01-19,SE,2,2025-02-02,1.0,2196.265209273263,2205.140933793942,641.35,996.8,1399.5,1985.0,2773.0,3633.5,5192.624999999999,2024,1208.0
2025-01-19,SE,3,2025-02-09,1.0,3173.1500016984346,3179.9404732273047,570.825,1034.9,1708.75,2676.5,4107.75,5876.700000000001,8699.324999999999,2024,1376.0
2025-01-19,SE-M,0,2025-01-19,1.0,81.48614452691548,86.86103181466456,19.0,45.0,63.0,83.0,100.0,119.0,146.0,2024,92.0
2025-01-19,SE-M,1,2025-01-26,1.0,106.10020840241444,118.83470387442503,14.975000000000001,41.900000000000006,69.0,99.0,136.0,181.0,250.0,2024,128.0
2025-01-19,SE-M,2,2025-02-02,1.0,149.06197260308855,167.19683879584397,11.0,39.0,73.0,121.0,192.0,287.1,430.0999999999999,2024,171.0
2025-01-19,SE-M,3,2025-02-09,1.0,193.84849429248436,213.02519220900894,9.0,35.0,76.0,144.5,258.5,432.0,624.025,2024,188.0
2025-01-19,SE-O,0,2025-01-19,1.0,129.6773232753126,109.64303335389393,41.95,78.0,96.0,121.0,153.0,191.10000000000002,249.07499999999993,2024,104.0
2025-01-19,SE-O,1,2025-01-26,1.0,283.94525511515656,256.38304713512844,71.875,134.0,187.75,264.0,351.25,463.5000000000001,658.0999999999999,2024,123.0
2025-01-19,SE-O,2,2025-02-02,1.0,545.2491469008985,528.233452160096,86.92500000000001,196.9,307.0,472.0,703.5,964.2,1468.6249999999995,2024,168.0
2025-01-19,SE-O,3,2025-02-09,1.0,758.8567491006008,803.7256207003402,104.0,240.8,389.0,637.0,984.25,1425.5,2053.899999999999,2024,171.0
2025-01-26,SE,0,2025-01-26,1.0,1097.1803798290896,1117.3088237403097,628.75,822.9,968.0,1093.5,1230.5,1376.1,1536.1999999999998,2024,939.0
2025-01-26,SE,1,2025-02-02,1.0,1491.3382474171283,1572.8073557889886,676.45,916.6,1170.0,1459.5,1784.25,2113.4,2543.6249999999995,2024,1208.0
2025-01-26,SE,2,2025-02-09,1.0,2107.1045219376338,2230.4972931879843,655.0,990.8000000000001,1355.0,1936.5,2686.25,3430.1000000000004,4416.299999999997,2024,1376.0
2025-01-26,SE,3,2025-02-16,1.0,2763.414295357573,2877.0472251756973,591.625,942.8,1448.75,2354.5,3594.5,4951.700000000001,7225.899999999998,2024,1817.0
2025-01-26,SE-M,0,2025-01-26,1.0,104.73139893626532,121.99665578698684,18.950000000000003,55.0,81.0,105.0,132.0,155.10000000000002,185.0,2024,128.0
2025-01-26,SE-M,1,2025-02-02,1.0,137.93940279144567,166.3810118049745,14.975000000000001,51.0,87.75,126.0,180.0,234.0,309.0999999999999,2024,171.0
2025-01-26,SE-M,2,2025-02-09,1.0,179.4196865896668,214.83001718697426,14.0,46.0,90.0,151.5,241.0,338.0,508.025,2024,188.0
2025-01-26,SE-M,3,2025-02-16,1.0,210.98545240474445,246.40126719307244,9.0,41.900000000000006,85.75,159.5,285.25,429.1,692.1249999999999,2024,214.0
2025-01-26,SE-O,0,2025-01-26,1.0,221.5955259801471,208.6492468286448,61.975,139.9,173.0,215.0,263.25,313.1,391.025,2024,123.0
2025-01-26,SE-O,1,2025-02-02,1.0,379.34342896570496,382.0980301878818,72.875,187.0,268.0,361.0,482.0,586.2,758.2499999999998,2024,168.0
2025-01-26,SE-O,2,2025-02-09,1.0,588.9958658841213,622.1457997123476,91.9,232.8,355.0,530.0,759.0,1041.0,1405.1749999999997,2024,171.0
2025-01-26,SE-O,3,2025-02-16,1.0,696.670143373694,756.6803320961267,87.875,220.8,368.5,587.5,919.75,1302.0,1876.2999999999997,2024,222.0
2025-02-02,SE,0,2025-02-02,1.0,1031.2866055174745,1134.0921969651681,550.975,749.6,906.75,1050.0,1178.0,1288.1,1403.025,2024,1208.0
2025-02-02,SE,1,2025-02-09,1.0,1165.814669574201,1319.567036115433,503.95,721.9,894.75,1142.5,1407.25,1654.6000000000001,1973.2749999999996,2024,1376.0
2025-02-02,SE,2,2025-02-16,1.0,1349.394628066955,1524.1329989834646,404.85,644.7,885.0,1245.5,1686.25,2183.3000000000006,3013.075,2024,1817.0
2025-02-02,SE,3,2025-02-23,1.0,1467.6267909204068,1607.072077519523,315.875,522.6,802.75,1227.5,1867.0,2669.3,4122.025,2024,2267.0
2025-02-02,SE-M,0,2025-02-02,1.0,137.27693796927568,171.88455016117592,18.0,67.0,105.0,139.0,174.0,205.10000000000002,248.02499999999998,2024,171.0
2025-02-02,SE-M,1,2025-02-09,1.0,167.67438210505676,214.47236055021966,17.0,59.0,108.0,158.0,214.25,274.1,369.17499999999984,2024,188.0
2025-02-02,SE-M,2,2025-02-16,1.0,196.1300189914781,247.07905275848765,13.975000000000001,50.900000000000006,104.75,171.0,259.0,356.1,523.0,2024,214.0
2025-02-02,SE-M,3,2025-02-23,1.0,204.3079429023985,247.84741158577026,10.975000000000001,43.0,90.0,168.0,270.0,397.30000000000007,658.2249999999998,2024,265.0
2025-02-02,SE-O,0,2025-02-02,1.0,180.46649832254568,192.97195231758585,44.0,105.0,145.0,183.0,217.0,256.1,307.025,2024,168.0
2025-02-02,SE-O,1,2025-02-09,1.0,228.78593072820834,255.66415575007608,36.0,112.0,156.0,218.5,290.0,365.0,460.17499999999984,2024,171.0
2025-02-02,SE-O,2,2025-02-16,1.0,279.3359512519396,314.94942044027937,35.975,99.0,157.0,252.0,362.25,484.8000000000002,713.0749999999999,2024,222.0
2025-02-02,SE-O,3,2025-02-23,1.0,275.8326261525211,305.1233372833224,27.0,73.9,131.0,222.5,364.0,534.3000000000001,791.2499999999998,2024,230.0
2025-02-09,SE,0,2025-02-09,1.0,1267.2279865998335,1440.3076951634362,646.975,891.8,1124.75,1298.0,1449.0,1586.1,1712.225,2024,1376.0
2025-02-09,SE,1,2025-02-16,1.0,1474.184794723872,1717.3672615016678,553.65,891.0,1163.25,1464.5,1769.5,2061.2,2494.025,2024,1817.0
2025-02-09,SE,2,2025-02-23,1.0,1630.2086483961782,1888.1257662305954,449.725,791.0,1115.0,1533.0,2026.0,2571.7000000000003,3432.225,2024,2267.0
2025-02-09,SE,3,2025-03-02,1.0,1601.502853683209,1801.5136833497695,338.875,601.6,935.75,1390.0,2039.75,2938.2,3940.2,2024,2504.0
2025-02-09,SE-M,0,2025-02-09,1.0,152.5864025474291,202.21771234393873,15.950000000000003,65.9,116.0,157.0,193.0,228.0,274.04999999999995,2024,188.0
2025-02-09,SE-M,1,2025-02-16,1.0,167.22247543852063,223.93099307092388,12.0,61.80000000000001,108.75,161.0,215.25,278.0,368.04999999999995,2024,214.0
2025-02-09,SE-M,2,2025-02-23,1.0,173.4443522546102,226.1545108238568,11.0,47.0,96.0,155.5,230.0,322.0,455.04999999999995,2024,265.0
2025-02-09,SE-M,3,2025-03-02,1.0,147.48881554351445,182.6676496602814,6.975000000000001,34.900000000000006,72.0,124.5,198.0,294.1,427.0,2024,292.0
2025-02-09,SE-O,0,2025-02-09,1.0,172.91719826961292,204.15499245432773,34.87500000000001,98.0,140.0,175.0,212.0,243.10000000000002,282.025,2024,171.0
2025-02-09,SE-O,1,2025-02-16,1.0,189.86816937795095,231.47034879573505,29.975,88.80000000000001,133.0,182.0,238.0,299.0,380.025,2024,222.0
2025-02-09,SE-O,2,2025-02-23,1.0,180.45048519923765,218.19961243801245,22.950000000000003,65.80000000000001,105.0,165.0,232.0,322.0,434.1249999999999,2024,230.0
2025-02-09,SE-O,3,2025-03-02,1.0,155.05260644153512,179.87335048096426,18.0,41.0,72.0,125.5,203.0,308.0,445.04999999999995,2024,337.0
2025-02-16,SE,0,2025-02-16,1.0,1278.642114615087,1551.7811909164259,538.975,894.9,1129.5,1323.0,1487.25,1602.0,1724.1,2024,1817.0
2025-02-16,SE,1,2025-02-23,1.0,1290.0029504825081,1598.0133548978545,469.95,765.4000000000001,1025.0,1281.0,1543.5,1839.9,2101.025,2024,2267.0
2025-02-16,SE,2,2025-03-02,1.0,1192.7365482989487,1467.2610924485643,334.925,601.9,844.0,1114.0,1477.0,1935.2,2343.225,2024,2504.0
2025-02-16,SE,3,2025-03-09,1.0,1028.101442619575,1219.5456809273273,220.975,406.8,615.25,910.0,1321.75,1852.1,2518.25,2024,2210.0
2025-02-16,SE-M,0,2025-02-16,1.0,144.392184611324,202.54797036211357,12.0,61.900000000000006,109.0,147.0,183.0,218.0,255.0,2024,214.0
2025-02-16,SE-M,1,2025-02-23,1.0,139.50975553480578,195.08166735083879,9.975000000000001,51.0,96.0,136.0,179.25,232.10000000000002,283.025,2024,265.0
2025-02-16,SE-M,2,2025-03-02,1.0,114.08279360587264,153.62954501187795,7.975000000000001,37.0,67.0,105.0,147.5,212.0,257.025,2024,292.0
2025-02-16,SE-M,3,2025-03-09,1.0,85.91258436287242,107.1720170923235,5.0,22.0,43.0,72.0,115.0,164.0,237.0,2024,196.0
2025-02-16,SE-O,0,2025-02-16,1.0,131.82459425609727,176.2078089164391,28.925000000000004,72.0,104.0,134.0,163.0,189.0,220.02499999999998,2024,222.0
2025-02-16,SE-O,1,2025-02-23,1.0,108.76921240655848,147.6481252259228,20.975,52.0,77.0,107.0,139.0,172.10000000000002,205.02499999999998,2024,230.0
2025-02-16,SE-O,2,2025-03-02,1.0,83.77409984475523,111.23635989627341,13.975000000000001,31.900000000000006,52.0,77.0,108.0,146.0,192.02499999999998,2024,337.0
2025-02-16,SE-O,3,2025-03-09,1.0,68.81424596890892,86.0133022901439,8.0,20.0,36.0,58.0,89.0,129.0,189.04999999999995,2024,279.0
2025-02-23,SE,0,2025-02-23,1.0,1844.1973989718556,2218.457042101704,774.95,1329.9,1638.75,1898.5,2131.5,2311.1,2492.05,2024,2267.0
2025-02-23,SE,1,2025-03-02,1.0,2022.734384469063,2465.9469943463773,714.975,1265.3,1649.5,2003.0,2415.0,2884.6000000000004,3342.025,2024,2504.0
2025-02-23,SE,2,2025-03-09,1.0,1946.2503965368048,2331.438916137998,566.825,992.6000000000001,1387.0,1837.0,2431.0,3063.9,3833.6249999999995,2024,2210.0
2025-02-23,SE,3,2025-03-16,1.0,1753.1708060443957,1999.6875175716632,421.975,690.0,1044.0,1539.5,2291.75,3021.0,4071.1,2024,1581.0
2025-02-23,SE-M,0,2025-02-23,1.0,152.70769119597907,216.41382135271166,11.975000000000001,61.900000000000006,118.75,158.0,195.0,230.0,262.025,2024,265.0
2025-02-23,SE-M,1,2025-03-02,1.0,132.72940304594434,184.9247011886219,8.975000000000001,51.0,91.0,131.0,172.0,218.0,259.0,2024,292.0
2025-02-23,SE-M,2,2025-03-09,1.0,101.47269414972419,133.77960379982787,6.0,33.0,62.0,92.0,133.0,176.0,229.07499999999993,2024,196.0
2025-02-23,SE-M,3,2025-03-16,1.0,80.13937235571633,96.4490216091561,4.0,22.0,40.0,69.0,107.0,149.0,219.0,2024,99.0
2025-02-23,SE-O,0,2025-02-23,1.0,162.11496450739446,211.66830001082153,32.975,94.0,129.0,165.0,199.0,227.10000000000002,260.0,2024,230.0
2025-02-23,SE-O,1,2025-03-02,1.0,146.97380316720094,195.19249745336924,27.950000000000003,71.0,105.0,143.0,187.0,229.20000000000005,275.0,2024,337.0
2025-02-23,SE-O,2,2025-03-09,1.0,133.98059972799965,174.79413083329075,20.0,53.0,82.0,121.0,175.0,236.0,305.04999999999995,2024,279.0
2025-02-23,SE-O,3,2025-03-16,1.0,116.59254453287538,144.20778635698753,15.0,35.0,61.0,97.5,154.0,219.0,313.04999999999995,2024,190.0
2025-03-02,SE,0,2025-03-02,1.0,2063.3474312515395,2542.959393823297,819.75,1483.9,1850.75,2133.5,2371.5,2578.0,2766.1,2024,2504.0
2025-03-02,SE,1,2025-03-09,1.0,1903.6934040970598,2355.940661599212,698.8,1203.8,1558.75,1915.0,2279.5,2594.1,2957.2,2024,2210.0
2025-03-02,SE,2,2025-03-16,1.0,1694.4279523234754,2038.59727096874,521.9,861.1,1219.25,1629.5,2114.5,2568.1000000000004,3208.125,2024,1581.0
2025-03-02,SE,3,2025-03-23,1.0,1482.4887453766607,1678.1287606396936,325.975,618.0,886.75,1363.0,1882.25,2536.2,3455.074999999999,2024,1306.0
2025-03-02,SE-M,0,2025-03-02,1.0,171.11446271556318,240.08385684073608,9.975000000000001,74.0,134.0,176.5,216.0,252.10000000000002,286.07499999999993,2024,292.0
2025-03-02,SE-M,1,2025-03-09,1.0,136.70387416346802,187.00261025157866,7.0,54.0,97.0,138.0,175.0,214.0,258.025,2024,196.0
2025-03-02,SE-M,2,2025-03-16,1.0,113.39897868236605,146.01611052808877,5.0,38.0,69.0,108.0,149.0,195.10000000000002,250.0,2024,99.0
2025-03-02,SE-M,3,2025-03-23,1.0,91.20207616955277,107.01231253153433,5.0,26.0,47.0,80.0,121.0,173.10000000000002,237.02499999999998,2024,89.0
2025-03-02,SE-O,0,2025-03-02,1.0,162.10135487770546,217.63827693526986,31.950000000000003,91.80000000000001,130.0,165.0,198.0,227.10000000000002,261.025,2024,337.0
2025-03-02,SE-O,1,2025-03-09,1.0,143.97349322814284,195.1004337418275,27.0,71.0,105.0,141.0,183.0,220.10000000000002,265.1249999999999,2024,279.0
2025-03-02,SE-O,2,2025-03-16,1.0,125.91315690307802,165.810935217159,20.0,49.0,79.0,116.0,166.0,212.10000000000002,269.07499999999993,2024,190.0
2025-03-02,SE-O,3,2025-03-23,1.0,104.9771806233683,129.80533714269362,14.0,34.0,54.0,89.0,140.25,192.0,282.025,2024,209.0
2025-03-09,SE,0,2025-03-09,1.0,1743.970094744575,2166.3769688090124,689.6750000000001,1243.9,1549.25,1810.5,2012.0,2170.1,2339.1,2024,2210.0
2025-03-09,SE,1,2025-03-16,1.0,1399.8161918364724,1722.3921376240687,535.075,893.9,1147.75,1404.5,1664.0,1883.1,2167.125,2024,1581.0
2025-03-09,SE,2,2025-03-23,1.0,1168.3684664174789,1382.320028597194,378.0,610.9,844.0,1126.5,1442.75,1764.6000000000001,2262.6749999999993,2024,1306.0
2025-03-09,SE,3,2025-03-30,1.0,970.421043228343,1071.244626187386,230.82500000000002,387.0,578.0,868.0,1234.25,1664.8000000000002,2349.3999999999996,2024,1215.0
2025-03-09,SE-M,0,2025-03-09,1.0,162.29874399155383,224.63548866539094,8.975000000000001,68.9,128.0,169.0,204.0,235.0,265.025,2024,196.0
2025-03-09,SE-M,1,2025-03-16,1.0,132.07778841863754,177.09372812027473,6.975000000000001,50.0,95.0,133.0,171.0,206.10000000000002,246.0,2024,99.0
2025-03-09,SE-M,2,2025-03-23,1.0,109.98880059399899,138.058876610302,4.0,36.0,69.0,104.5,144.0,188.0,255.0999999999999,2024,89.0
2025-03-09,SE-M,3,2025-03-30,1.0,89.543013887569,102.13517727832757,4.0,24.900000000000006,46.75,78.0,119.0,170.10000000000002,247.04999999999995,2024,86.0
2025-03-09,SE-O,0,2025-03-09,1.0,262.84952160687135,344.8258017197432,41.95,146.0,219.75,273.0,323.0,367.0,414.025,2024,279.0
2025-03-09,SE-O,1,2025-03-16,1.0,266.64537005564137,351.12759803517633,42.87500000000001,121.0,195.5,263.0,340.0,409.0,487.04999999999995,2024,190.0
2025-03-09,SE-O,2,2025-03-23,1.0,258.5399684216651,328.89471588341155,31.975,94.0,160.0,241.5,330.0,440.1,590.1499999999999,2024,209.0
2025-03-09,SE-O,3,2025-03-30,1.0,230.5851501292499,274.9299646465802,23.975,74.0,124.0,205.0,303.0,421.1,631.0749999999999,2024,149.0
2025-03-16,SE,0,2025-03-16,1.0,1326.7260826190882,1637.1990455601735,539.4000000000001,979.0,1178.75,1374.0,1530.25,1647.0,1767.05,2024,1581.0
2025-03-16,SE,1,2025-03-23,1.0,942.2528375298871,1145.3012229704866,309.675,616.7,777.0,938.0,1112.25,1278.1,1530.1749999999997,2024,1306.0
2025-03-16,SE,2,2025-03-30,1.0,738.6739619220383,861.6150903944254,209.0,400.9,528.0,704.0,897.75,1128.2,1446.025,2024,1215.0
2025-03-16,SE,3,2025-04-06,1.0,598.7149004965135,650.7033130781258,129.8,251.9,358.75,522.5,755.25,1033.4,1466.4999999999995,2024,1038.0
2025-03-16,SE-M,0,2025-03-16,1.0,103.41777882562953,139.67256860853814,5.0,42.0,83.75,107.0,129.0,149.0,169.0,2024,99.0
2025-03-16,SE-M,1,2025-03-23,1.0,69.69601809962096,89.64377581078057,2.9750000000000014,27.0,50.0,70.0,89.0,109.10000000000002,137.02499999999998,2024,89.0
2025-03-16,SE-M,2,2025-03-30,1.0,50.163137052086135,59.47867459878855,3.0,16.0,31.0,46.5,66.0,87.0,119.02499999999998,2024,86.0
2025-03-16,SE-M,3,2025-04-06,1.0,37.17999907525302,39.38754249402189,1.0,9.900000000000006,18.0,32.0,49.0,72.0,105.02499999999998,2024,53.0
2025-03-16,SE-O,0,2025-03-16,1.0,174.7727884527898,238.22326385963856,31.0,91.70000000000002,141.75,181.0,213.0,242.0,275.0,2024,190.0
2025-03-16,SE-O,1,2025-03-23,1.0,127.48616016670364,170.95430650069144,18.975,63.0,95.0,124.0,160.25,193.0,234.02499999999998,2024,209.0
2025-03-16,SE-O,2,2025-03-30,1.0,97.93996059706615,125.08927680983695,14.0,41.0,62.75,91.0,126.0,160.10000000000002,218.07499999999993,2024,149.0
2025-03-16,SE-O,3,2025-04-06,1.0,76.39790213271236,89.97100770536332,8.975000000000001,26.0,41.0,65.0,98.0,140.10000000000002,206.07499999999993,2024,122.0
2025-03-23,SE,0,2025-03-23,1.0,922.0633506187623,1130.7755894577522,301.9,663.9,823.0,951.0,1063.0,1164.1,1283.0,2024,1306.0
2025-03-23,SE,1,2025-03-30,1.0,726.6273011179248,873.4350241247824,248.875,465.9,585.0,719.5,860.25,1008.2,1177.0749999999998,2024,1215.0
2025-03-23,SE,2,2025-04-06,1.0,560.2496971295119,644.5013361014654,146.975,293.9,394.75,531.0,693.0,874.0,1107.1499999999999,2024,1038.0
2025-03-23,SE,3,2025-04-13,1.0,412.09466903105204,442.10321451591705,86.0,170.9,246.75,371.5,522.25,702.2,992.4499999999996,2024,955.0
2025-03-23,SE-M,0,2025-03-23,1.0,51.96495234290831,63.66745242024673,3.0,22.0,41.0,54.0,64.25,75.10000000000002,88.0,2024,89.0
2025-03-23,SE-M,1,2025-03-30,1.0,33.778973764520345,38.16672453147508,2.0,14.0,23.0,33.0,43.0,55.0,71.02499999999998,2024,86.0
2025-03-23,SE-M,2,2025-04-06,1.0,22.00464098523786,22.32761966462634,1.0,7.0,13.0,19.0,28.0,38.0,57.049999999999955,2024,53.0
2025-03-23,SE-M,3,2025-04-13,1.0,14.087193505289477,12.441592226132148,1.0,3.0,7.0,12.0,19.0,27.0,44.0,2024,49.0
2025-03-23,SE-O,0,2025-03-23,1.0,101.36641161776986,134.23094208189895,18.0,58.80000000000001,81.75,103.0,124.0,143.10000000000002,171.02499999999998,2024,209.0
2025-03-23,SE-O,1,2025-03-30,1.0,72.96528611899541,92.67352630235848,11.975000000000001,38.0,53.0,71.5,91.0,112.10000000000002,145.0,2024,149.0
2025-03-23,SE-O,2,2025-04-06,1.0,51.05639478835314,60.4890991771493,8.975000000000001,21.0,32.0,46.0,65.0,85.10000000000002,114.04999999999995,2024,122.0
2025-03-23,SE-O,3,2025-04-13,1.0,34.15255769086731,36.63048576805269,3.9750000000000014,11.0,18.0,29.0,43.0,63.10000000000002,95.0,2024,136.0
2025-03-30,SE,0,2025-03-30,1.0,886.2065760615396,1099.8711312225062,296.675,601.0,785.0,920.0,1028.25,1124.1,1228.025,2024,1215.0
2025-03-30,SE,1,2025-04-06,1.0,717.057552218498,873.9142204049026,205.55,443.0,583.75,715.0,855.25,987.0,1170.1999999999998,2024,1038.0
2025-03-30,SE,2,2025-04-13,1.0,568.6058303315829,664.3271496150543,139.925,287.0,411.75,540.0,711.0,869.0,1128.125,2024,955.0
2025-03-30,SE,3,2025-04-20,1.0,413.22488225615814,452.4967609540005,88.95,163.9,251.0,371.0,519.0,688.1,1041.05,2024,808.0
2025-03-30,SE-M,0,2025-03-30,1.0,44.24838880977981,54.45035634692463,1.0,19.0,34.0,45.0,55.0,65.0,82.0,2024,86.0
2025-03-30,SE-M,1,2025-04-06,1.0,30.293009345179108,34.70062943269675,1.0,10.900000000000006,20.0,29.0,39.0,50.0,64.0,2024,53.0
2025-03-30,SE-M,2,2025-04-13,1.0,20.600304298111002,21.34289359095123,1.0,6.0,11.0,18.0,27.0,37.0,54.0,2024,49.0
2025-03-30,SE-M,3,2025-04-20,1.0,13.148367804597463,12.002132934591495,0.0,2.0,6.0,11.0,17.0,27.0,42.0,2024,41.0
2025-03-30,SE-O,0,2025-03-30,1.0,117.87844258305371,163.12701187612777,15.975000000000001,59.0,93.0,121.0,146.0,171.0,203.0,2024,149.0
2025-03-30,SE-O,1,2025-04-06,1.0,93.00657800207067,125.17865155618759,10.975000000000001,43.0,66.0,90.0,117.0,140.0,184.02499999999998,2024,122.0
2025-03-30,SE-O,2,2025-04-13,1.0,71.59071742657649,90.95418156433836,7.0,28.0,44.0,67.0,90.0,123.0,168.02499999999998,2024,136.0
2025-03-30,SE-O,3,2025-04-20,1.0,50.45795666540121,59.02231864313125,4.975000000000001,15.0,26.75,42.0,64.0,92.0,147.07499999999993,2024,92.0
2025-04-06,SE,0,2025-04-06,1.0,797.491697890016,996.3481609274526,241.72500000000002,528.9,703.75,830.0,930.0,1018.1,1113.1499999999999,2024,1038.0
2025-04-06,SE,1,2025-04-13,1.0,615.9941502403894,752.7673745285838,165.0,372.8,502.0,618.0,738.0,859.1,1010.1249999999999,2024,955.0
2025-04-06,SE,2,2025-04-20,1.0,456.1928043472767,534.0368416873304,115.80000000000001,222.0,326.0,431.0,569.25,703.2,925.0749999999999,2024,808.0
2025-04-06,SE,3,2025-04-27,1.0,380.1432060649291,415.30745467899897,82.80000000000001,147.0,224.75,335.0,482.5,645.0,1003.025,2024,479.0
2025-04-06,SE-M,0,2025-04-06,1.0,43.576218207470845,54.63738026156398,1.0,16.900000000000006,32.0,44.5,56.0,67.0,80.02499999999998,2024,53.0
2025-04-06,SE-M,1,2025-04-13,1.0,31.80953389897368,37.25934498874352,1.0,11.0,20.0,30.0,41.0,52.0,65.04999999999995,2024,49.0
2025-04-06,SE-M,2,2025-04-20,1.0,22.194461882836595,23.710980572447337,1.0,6.0,12.0,20.0,29.0,41.0,60.02499999999998,2024,41.0
2025-04-06,SE-M,3,2025-04-27,1.0,17.509385065369763,16.658454354366494,0.0,3.0,7.0,14.0,23.0,36.0,58.0,2024,15.0
2025-04-06,SE-O,0,2025-04-06,1.0,79.57546855703494,108.29098954001036,11.0,40.0,63.0,81.5,99.0,114.0,133.0,2024,122.0
2025-04-06,SE-O,1,2025-04-13,1.0,53.54531474272162,69.95867468699561,6.975000000000001,23.900000000000006,38.0,53.0,68.0,83.0,103.02499999999998,2024,136.0
2025-04-06,SE-O,2,2025-04-20,1.0,34.52471808390187,42.23125464634813,4.0,13.0,22.0,32.0,44.25,56.0,87.04999999999995,2024,92.0
2025-04-06,SE-O,3,2025-04-27,1.0,25.36758952286314,28.263705225480535,2.0,7.0,13.0,21.0,33.0,49.0,74.02499999999998,2024,49.0
2025-04-13,SE,0,2025-04-13,1.0,624.2623652777644,778.2431999923442,176.925,405.9,551.75,650.0,735.25,807.1,893.0749999999999,2024,955.0
2025-04-13,SE,1,2025-04-20,1.0,443.8189214472034,541.2055904885945,118.80000000000001,260.0,354.0,446.0,538.0,626.0,761.1999999999998,2024,808.0
2025-04-13,SE,2,2025-04-27,1.0,363.330054516959,423.7959045738673,80.875,180.0,252.0,343.5,452.0,567.1,767.025,2024,479.0
2025-04-13,SE,3,2025-05-04,1.0,237.36595753719186,256.7280432045757,41.0,93.9,133.0,204.0,296.25,427.1,637.0749999999999,2024,290.0
2025-04-13,SE-M,0,2025-04-13,1.0,29.37344763153395,35.269712963470724,0.0,11.0,21.0,30.0,38.0,45.10000000000002,56.02499999999998,2024,49.0
2025-04-13,SE-M,1,2025-04-20,1.0,19.169852924597137,21.38053473221895,0.0,6.0,12.0,18.0,25.0,33.0,44.02499999999998,2024,41.0
2025-04-13,SE-M,2,2025-04-27,1.0,14.46008706426469,14.630344098590806,0.0,3.0,7.0,12.0,19.0,28.0,43.0,2024,15.0
2025-04-13,SE-M,3,2025-05-04,1.0,8.775774577455694,7.6951633019753105,0.0,1.0,3.0,6.0,11.0,19.0,33.02499999999998,2024,19.0
2025-04-13,SE-O,0,2025-04-13,1.0,57.872802293472105,78.24837540208075,6.975000000000001,28.0,45.0,59.0,72.0,85.0,100.02499999999998,2024,136.0
2025-04-13,SE-O,1,2025-04-20,1.0,37.08100836344743,47.89945427716256,3.0,15.0,26.0,36.0,48.0,61.0,80.02499999999998,2024,92.0
2025-04-13,SE-O,2,2025-04-27,1.0,27.34076159317055,32.87466681724859,2.0,9.0,16.0,24.0,35.0,47.0,72.0,2024,49.0
2025-04-13,SE-O,3,2025-05-04,1.0,16.063069681379684,17.245109933767406,1.0,4.0,7.0,13.0,21.0,31.0,53.0,2024,27.0
2025-04-20,SE,0,2025-04-20,1.0,616.6779978610459,777.8651053257855,159.975,383.70000000000005,536.75,643.5,728.0,806.0,898.0749999999999,2024,808.0
2025-04-20,SE,1,2025-04-27,1.0,567.4168747907368,701.0797981330632,148.75,326.0,443.75,568.0,690.0,800.1,977.0999999999999,2024,479.0
2025-04-20,SE,2,2025-05-04,1.0,420.72556914919056,498.22819560087174,95.975,207.8,284.0,394.5,519.25,668.3000000000001,905.0749999999999,2024,290.0
2025-04-20,SE,3,2025-05-11,1.0,337.6200093878159,372.88662443561,54.975,129.9,186.75,278.5,421.25,597.2,888.0,2024,216.0
2025-04-20,SE-M,0,2025-04-20,1.0,24.30295124587147,28.72167088966872,1.0,8.0,16.0,24.0,31.0,39.0,50.049999999999955,2024,41.0
2025-04-20,SE-M,1,2025-04-27,1.0,18.700294395804406,20.56541555659671,0.0,5.0,11.0,17.0,25.0,32.10000000000002,49.02499999999998,2024,15.0
2025-04-20,SE-M,2,2025-05-04,1.0,11.742174866660061,11.54898875360061,0.0,2.0,5.0,10.0,15.0,23.0,40.0,2024,19.0
2025-04-20,SE-M,3,2025-05-11,1.0,8.469325887330392,7.186853523421145,0.0,1.0,3.0,6.0,11.0,18.0,34.02499999999998,2024,5.0
2025-04-20,SE-O,0,2025-04-20,1.0,65.024026765717,91.47665042989132,5.975000000000001,27.900000000000006,49.0,66.5,84.0,99.0,118.0,2024,92.0
2025-04-20,SE-O,1,2025-04-27,1.0,55.21118290504346,74.55735494385654,4.0,21.0,37.0,54.5,70.0,91.10000000000002,119.0,2024,49.0
2025-04-20,SE-O,2,2025-05-04,1.0,38.41318329363795,48.16184092803857,2.0,12.0,21.0,33.0,50.25,72.10000000000002,104.04999999999995,2024,27.0
2025-04-20,SE-O,3,2025-05-11,1.0,29.916918101719418,33.75109986560098,2.0,7.900000000000006,13.75,23.0,39.0,59.10000000000002,107.0,2024,48.0
2025-04-27,SE,0,2025-04-27,1.0,558.8489273827053,702.5620986798963,145.95,342.70000000000005,481.75,588.0,663.0,732.1,833.0,2024,479.0
2025-04-27,SE,1,2025-05-04,1.0,378.09132400965495,465.4713759767068,89.95,211.0,299.0,381.5,459.0,533.0,644.0749999999999,2024,290.0
2025-04-27,SE,2,2025-05-11,1.0,291.1402541873591,343.7668014344515,57.975,141.0,200.0,274.5,359.0,469.0,621.0999999999999,2024,216.0
2025-04-27,SE,3,2025-05-18,1.0,228.25637782525143,251.9156467694387,38.975,84.9,131.0,192.0,291.0,417.1,611.1249999999999,2024,183.0
2025-04-27,SE-M,0,2025-04-27,1.0,23.36413311350621,27.205524857697533,0.0,8.0,16.0,23.0,30.0,39.0,50.02499999999998,2024,15.0
2025-04-27,SE-M,1,2025-05-04,1.0,14.723957612658717,15.808551422009506,0.0,4.0,8.0,13.0,19.0,27.0,41.0,2024,19.0
2025-04-27,SE-M,2,2025-05-11,1.0,10.93133654458333,10.476330238633544,0.0,2.0,5.0,9.0,14.0,23.0,37.02499999999998,2024,5.0
2025-04-27,SE-M,3,2025-05-18,1.0,8.47409218926934,6.978920530336811,0.0,1.0,3.0,6.0,10.0,18.0,36.0,2024,8.0
2025-04-27,SE-O,0,2025-04-27,1.0,51.71627789421165,71.69977715846753,3.9750000000000014,22.0,38.0,52.0,66.0,79.0,99.0,2024,49.0
2025-04-27,SE-O,1,2025-05-04,1.0,31.949857533059983,42.202997863904415,2.0,12.0,20.0,30.5,41.0,52.0,75.0,2024,27.0
2025-04-27,SE-O,2,2025-05-11,1.0,23.109227079579956,28.289325419541818,1.9750000000000014,7.0,13.0,20.0,30.0,43.10000000000002,64.02499999999998,2024,48.0
2025-04-27,SE-O,3,2025-05-18,1.0,17.29921067487962,18.99368251152482,1.0,4.0,7.75,13.0,22.0,36.0,56.0,2024,36.0
2025-05-04,SE,0,2025-05-04,1.0,223.40598750982485,271.43816746505127,46.975,131.0,191.0,234.0,267.25,296.1,336.025,2024,290.0
2025-05-04,SE,1,2025-05-11,1.0,134.86732153255764,159.49221238790656,27.925000000000004,71.9,108.0,135.0,163.0,196.10000000000002,241.0,2024,216.0
2025-05-04,SE,2,2025-05-18,1.0,81.46357984351366,91.86779150800083,15.0,37.0,57.0,76.0,100.25,130.0,182.04999999999995,2024,183.0
2025-05-04,SE,3,2025-05-25,1.0,48.34532354346318,50.42300301353997,8.0,18.0,28.0,41.0,59.0,84.10000000000002,133.02499999999998,2024,131.0
2025-05-04,SE-M,0,2025-05-04,1.0,9.978197857940112,10.746259269075313,0.0,3.0,6.0,9.0,13.0,18.0,26.0,2024,19.0
2025-05-04,SE-M,1,2025-05-11,1.0,6.5543554588614406,6.4092853033145465,0.0,1.0,3.0,6.0,8.0,12.0,20.024999999999977,2024,5.0
2025-05-04,SE-M,2,2025-05-18,1.0,4.4803575238636775,3.8411337617587558,0.0,0.0,2.0,3.0,6.0,9.0,16.0,2024,8.0
2025-05-04,SE-M,3,2025-05-25,1.0,3.1541925653432874,2.2689086544631074,0.0,0.0,1.0,2.0,4.0,7.0,15.0,2024,7.0
2025-05-04,SE-O,0,2025-05-04,1.0,23.289687182283405,30.657137404458535,2.0,10.0,16.0,23.0,30.0,36.0,47.02499999999998,2024,27.0
2025-05-04,SE-O,1,2025-05-11,1.0,15.007367535266027,18.616746195053167,1.0,5.0,9.0,14.0,20.0,27.0,38.0,2024,48.0
2025-05-04,SE-O,2,2025-05-18,1.0,9.879561875654604,11.197316529795202,0.0,2.0,4.0,8.0,13.0,19.0,30.0,2024,36.0
2025-05-04,SE-O,3,2025-05-25,1.0,6.556777527013455,6.505539720365694,0.0,1.0,2.0,5.0,8.0,13.0,23.024999999999977,2024,22.0
2025-05-11,SE,0,2025-05-11,1.0,140.17371149910485,168.26212108013783,30.950000000000003,78.0,117.0,146.0,170.0,192.0,220.02499999999998,2024,216.0
2025-05-11,SE,1,2025-05-18,1.0,83.17232191070175,96.64391013036746,15.975000000000001,43.0,64.0,83.0,103.0,122.0,158.02499999999998,2024,183.0
2025-05-11,SE,2,2025-05-25,1.0,49.457014305944064,54.20614026068365,8.975000000000001,21.0,32.0,45.0,62.0,80.0,114.04999999999995,2024,131.0
2025-05-11,SE,3,2025-06-01,1.0,29.877148316905316,29.78179808625052,4.0,11.0,17.0,25.0,38.0,53.0,82.07499999999993,2024,97.0
2025-05-11,SE-M,0,2025-05-11,1.0,9.169666339963593,9.475590279374709,0.0,2.0,5.0,8.0,12.0,16.0,25.024999999999977,2024,5.0
2025-05-11,SE-M,1,2025-05-18,1.0,6.60625073472301,6.121212487514177,0.0,1.0,3.0,5.0,8.25,13.0,20.0,2024,8.0
2025-05-11,SE-M,2,2025-05-25,1.0,4.957552241309454,3.9321473754675145,0.0,0.0,2.0,3.0,6.0,10.0,19.0,2024,7.0
2025-05-11,SE-M,3,2025-06-01,1.0,3.9179703976402296,2.516200382717322,0.0,0.0,1.0,2.0,5.0,8.0,16.024999999999977,2024,7.0
2025-05-11,SE-O,0,2025-05-11,1.0,12.96382752477635,16.336104636000414,0.0,4.0,8.0,12.0,17.0,22.0,29.0,2024,48.0
2025-05-11,SE-O,1,2025-05-18,1.0,7.862946506105656,9.185440131968392,0.0,2.0,4.0,7.0,10.0,14.0,20.0,2024,36.0
2025-05-11,SE-O,2,2025-05-25,1.0,4.917955734023371,5.113701807305457,0.0,1.0,2.0,4.0,6.25,10.0,16.0,2024,22.0
2025-05-11,SE-O,3,2025-06-01,1.0,3.2248557550772583,2.8363105282652676,0.0,0.0,1.0,2.0,4.0,7.0,13.0,2024,10.0
2025-05-18,SE,0,2025-05-18,1.0,121.02607329910475,144.0347208942361,23.975,65.0,99.0,124.0,147.0,169.0,194.04999999999995,2024,183.0
2025-05-18,SE,1,2025-05-25,1.0,89.1089820097531,102.21649622205602,15.925000000000004,45.0,65.0,86.0,112.0,137.0,178.02499999999998,2024,131.0
2025-05-18,SE,2,2025-06-01,1.0,62.12176757559905,66.55393720076317,9.975000000000001,25.0,39.0,57.0,78.0,103.0,148.17499999999984,2024,97.0
2025-05-18,SE,3,2025-06-08,1.0,40.62820768925641,39.1511705054215,6.0,14.0,22.0,33.0,50.0,71.0,120.0,2024,69.0
2025-05-18,SE-M,0,2025-05-18,1.0,4.991846370921448,4.696650647032129,0.0,1.0,2.0,4.0,6.0,9.0,16.0,2024,8.0
2025-05-18,SE-M,1,2025-05-25,1.0,3.592989495376725,2.9538437349530673,0.0,0.0,1.0,3.0,5.0,8.0,13.0,2024,7.0
2025-05-18,SE-M,2,2025-06-01,1.0,2.6423747340510673,1.8105505506468018,0.0,0.0,1.0,2.0,3.0,6.0,12.024999999999977,2024,7.0
2025-05-18,SE-M,3,2025-06-08,1.0,1.9208065980858908,1.0620448288286761,0.0,0.0,0.0,1.0,2.0,4.0,9.0,2024,5.0
2025-05-18,SE-O,0,2025-05-18,1.0,21.956399293231513,28.410299476667205,1.0,8.0,14.0,21.0,29.0,37.0,49.0,2024,36.0
2025-05-18,SE-O,1,2025-05-25,1.0,19.37419795651038,23.274005494813522,1.0,6.0,11.0,17.0,25.0,35.0,51.0,2024,22.0
2025-05-18,SE-O,2,2025-06-01,1.0,16.906067765720305,17.985898861026605,1.0,3.0,7.0,13.0,22.0,33.10000000000002,53.0,2024,10.0
2025-05-18,SE-O,3,2025-06-08,1.0,14.107416003373139,12.655684506165086,0.0,2.0,5.0,9.0,17.0,29.0,54.09999999999991,2024,3.0
