location,horizon,target_end_date,map_mean,q0.1,q0.5,q0.9
SE,0,2026-10-11,52.846015078672124,44.0,64.0,131.10000000000002
SE,1,2026-10-18,67.52876661890106,49.0,85.0,188.30000000000007
SE,2,2026-10-25,94.7727314515706,59.0,117.0,332.1
SE,3,2026-11-01,140.77034680310206,69.0,171.0,626.0
SE-M,0,2026-10-11,4.837332346708802,2.0,6.0,16.0
SE-M,1,2026-10-18,5.734263598195327,3.0,8.0,21.0
SE-M,2,2026-10-25,7.36887427628524,3.0,10.0,35.0
SE-M,3,2026-11-01,9.98802454041022,3.0,13.0,59.0
SE-O,0,2026-10-11,9.276992460301688,6.0,12.0,33.0
SE-O,1,2026-10-18,11.782828822195095,7.0,16.0,48.0
SE-O,2,2026-10-25,16.421952906137413,8.0,22.0,76.30000000000007
SE-O,3,2026-11-01,24.191564568260624,9.0,31.0,133.10000000000002
