parameter,estimate,se,ci_low,ci_high,relative_change_in_R_percent,ci_low_percent,ci_high_percent,postponed_share
theta_host,-0.053307303124883874,0.07488008297055758,-0.20007226574717674,0.09345765949740897,-5.191138288346863,-18.13284109738329,9.796411400470163,
theta_jul,-0.3213643050477212,0.018597339420441228,-0.357815090311786,-0.28491351978365637,-27.484097622935167,-30.079764765718842,-24.79207085130367,
theta_sport,-0.20243095331903674,0.04359820299230158,-0.2878834311839478,-0.11697847545412565,-18.325712596407982,-25.01510038456435,-11.039565871321265,
theta_pask,-0.16215804031986195,0.05288960560239664,-0.26582166730055934,-0.05849441333916454,-14.969318883969018,-23.342417915233217,-5.681649036867819,
theta_sommar,0.15760625545855037,0.05163243789698337,0.05640667718046295,0.2588058337366378,17.070514518519598,5.802787204865334,29.53822608749441,
theta_temp,0.7278881190224876,0.11060637999450564,0.5110996142332566,0.9446766238117187,,,,
temp_mid,7.48429688607507,1.2346518106181434,5.064379337263508,9.904214434886631,,,,
temp_log_width,1.548482249039917,0.19663256667494416,1.1630824183570265,1.9338820797228076,,,,
gamma_red,-0.933706101456278,0.30682098745483866,-1.5350752368677618,-0.33233696604479424,,,,0.2821734321371026
R_at_-15C_vs_5C,1.3020709545593367,,,,30.207095455933676,21.03059712066402,38.66705910161385,
R_at_-10C_vs_5C,1.2875494384925088,,,,28.75494384925088,20.638743283887596,35.85387925278032,
R_at_-5C_vs_5C,1.248767093320362,,,,24.876709332036206,18.856609696127148,30.184940903056212,
R_at_0C_vs_5C,1.1581491991506219,,,,15.814919915062188,12.712390544388086,19.3951739760462,
R_at_10C_vs_5C,0.8278014062443096,,,,-17.219859375569037,-20.14631406840135,-13.790686066816992,
R_at_15C_vs_5C,0.7150848970871014,,,,-28.491510291289856,-32.919794744394615,-21.061105233100886,
R_at_20C_vs_5C,0.6634489031347529,,,,-33.65510968652471,-39.84940363732535,-22.996079686381854,
