config,label,log_evidence,log_likelihood,grad_max,theta_host,theta_jul,theta_sport,theta_pask,theta_sommar,theta_temp,temp_mid,temp_log_width,gamma_red,se_theta_host,se_theta_jul,se_theta_sport,se_theta_pask,se_theta_sommar,se_theta_temp,se_temp_mid,se_temp_log_width,se_gamma_red
delay9.5,Reporting delay 9.5 days,-3780.8645336175287,-3029.602245153687,2.185637115736938e-09,-0.0298855647153919,-0.3044253589821802,-0.1686210791514505,-0.149664993479391,0.1525972157760784,0.654869364124034,7.385515283727895,1.4200147323646577,-0.8299801580925401,0.0732986623233795,0.0181543410899748,0.0413622475934859,0.0495973877669962,0.0512234600727155,0.0945831011803042,1.0933596831060404,0.1969568599990283,0.2924248039098682
delay8,Reporting delay 8 days,-3805.566124503739,-3033.784311324518,0.0003074330123729,-0.0074576951004205,-0.2767914257243922,-0.1277762294520646,-0.1274317992124032,0.1436572349870472,0.5718704190991878,7.3893155421629935,1.2987434261369526,-0.7657067626119208,0.0710938091077974,0.0178287236255303,0.0391988637984756,0.0463748725052579,0.0506032861945408,0.0821458468803515,1.0363350599862873,0.2064498481879187,0.2910293502233712
sigmoid,"Sigmoid temperature, delay 11 days, random walk 0.07 (reference)",-3774.337256888459,-3040.240256823812,1.4655013783060333e-07,-0.0533073031248838,-0.3213643050477212,-0.2024309533190367,-0.1621580403198619,0.1576062554585503,0.7278881190224876,7.48429688607507,1.548482249039917,-0.933706101456278,0.0748800829705575,0.0185973394204412,0.0435982029923015,0.0528896056023966,0.0516324378969833,0.1106063799945056,1.2346518106181434,0.1966325666749441,0.3068209874548386
delay12.5,Reporting delay 12.5 days,-3785.3516094319184,-3065.926253921102,1.45659624639638e-07,-0.0717022275948367,-0.3287908666594866,-0.2271217010037493,-0.1660230890170615,0.1573826985762596,0.7844127290380348,7.633834877150873,1.6547766932480872,-1.1018115296743491,0.0760012365874878,0.0192719896087076,0.0464704961763062,0.0570719591549761,0.0519625613982776,0.1268818635142529,1.4146876921271545,0.2012144229246637,0.3409281100982342
rw0.08,Random-walk SD 0.08 per week,-3773.9337294450224,-3013.368696189785,4.3638639627419096e-06,-0.0404753741798124,-0.3167789693166172,-0.1949165156851041,-0.1644842656070999,0.1637022738826976,0.7229321116449648,7.328462346202166,1.5076724560146657,-0.8866691977104454,0.0785465068450234,0.0200479335284706,0.0460035224050285,0.0557468808051577,0.0546868435816336,0.1103572671019204,1.1993262145633663,0.2018742647117695,0.2961201616692289
delay6.5,Reporting delay 6.5 days,-3843.7768676251344,-3051.5908619571564,2.3609406996083493e-07,0.0077917484564362,-0.2414015166205446,-0.0887422543426925,-0.0991439616596538,0.1337663188170758,0.4862437173830142,7.57396661108467,1.2094287808085893,-0.7431037788794477,0.0691764238210292,0.0176366740257538,0.0374019549756238,0.0434829794692174,0.0501195097915408,0.0746021166736147,1.1018898929170209,0.2271774873710883,0.3007680760418691
delay14,Reporting delay 14 days,-3808.5687439319536,-3101.236386801568,4.729862219110537e-07,-0.0835960749982094,-0.3246548785052127,-0.2375278351277721,-0.1562856873502851,0.1528457689839714,0.8087744126014358,7.915169842410388,1.714915494746186,-1.314985445979037,0.0768884278893321,0.0201351873056088,0.0497842237209255,0.0615534766525456,0.0523421658038642,0.1385174349565542,1.5893039008187126,0.207482108311522,0.3929241499288248
rw0.09,Random-walk SD 0.09 per week,-3776.0462531789017,-2990.5746481591364,9.17760787838562e-07,-0.0281391777968741,-0.3123183616628217,-0.190189419738997,-0.1648906288243267,0.168921489791808,0.7198940160015947,7.202287891549665,1.4741277751852824,-0.8469156035420863,0.0820278394709523,0.0215091189635261,0.0484560903641044,0.0586142615145593,0.057631060490475,0.1107887444592574,1.1767503931314556,0.2070508940388344,0.2889516977905234
linear,Log-linear temperature effect (main forecasting model),-3784.971969397746,-3047.238854656316,5.063978419234116e-07,-0.0628452995085956,-0.3222238795476057,-0.208687143319639,-0.1645369357736084,0.1595805071671128,-0.0247077414294753,5.0,1.0986122886681098,-0.8954072453521309,0.0734232118460021,0.0186241213869634,0.0438974944072014,0.0529195551076169,0.0432810623119685,0.0017651849404727,6.0,0.6,0.3070251307489922
no-temperature,Without temperature,-3886.3331179875854,-3099.0118740911785,8.284021323773372e-07,-0.1132075709025616,-0.3408821926518695,-0.1677417559431826,-0.1707241715546562,0.0145246738738207,0.0,5.0,1.0986122886681098,-0.9085326721858376,0.0742261396993095,0.0190002923397003,0.0451870606915208,0.0537266817396496,0.0404373376766126,0.1,6.0,0.6,0.3131598441780992
no-summer,Without the summer-holiday term,-3774.004881252094,-3043.7572261989862,5.331381550122138e-08,-0.0354587190932255,-0.3206163827859289,-0.2030974889290966,-0.1561178049769387,0.0,0.6074719852608278,6.114457667812726,1.3419942707153143,-0.9375535693837423,0.0741957013054641,0.0186086111456256,0.0436090702159877,0.0527659141764332,0.5,0.0729464645357458,0.8117658986201391,0.1827801332884684,0.3078661925593322
no-holidays,Without holiday effects,-3902.798925954514,-3118.8057638330647,7.103901657479206e-07,0.0,0.0,0.0,0.0,0.0,0.610900965185362,5.374479352961195,1.2712611419031128,-1.473064948038005,0.5,0.5,0.5,0.5,0.5,0.0693419179667794,0.7328064446474045,0.1762037293328154,0.4318680727703207
no-holidays-no-temperature,Without holidays and temperature,-4002.9379396014992,-3201.777314784036,1.8538559132252885e-08,0.0,0.0,0.0,0.0,0.0,0.0,5.0,1.0986122886681098,-1.4987214877091548,0.5,0.5,0.5,0.5,0.5,0.1,6.0,0.6,0.464429235526912
linear-no-summer,Log-linear temperature without the summer-holiday term,-3783.168658800495,-3051.0786830456404,1.3180629337972153e-08,-0.0646225862058958,-0.3229090768048835,-0.2064248728088895,-0.1644701496691311,0.0,-0.0235760526146271,5.0,1.0986122886681098,-0.8951004114320861,0.0732566004771239,0.0186203597390917,0.0438808821420473,0.0529144153862478,0.5,0.0017590448802834,6.0,0.6,0.306097349110211
no-red-days,Without the holiday reporting shift,-3775.12359713652,-3052.2652636921,3.010793632185482e-07,-0.0500883783343209,-0.31332663373712,-0.2078025406678477,-0.1691380379570397,0.1560960858015314,0.7233984580760291,7.395653778179388,1.5343422353785607,0.0,0.0750363297900355,0.0186590428045382,0.0440903514965021,0.05345120697036,0.051739693118087,0.1089717711710263,1.2171739569685565,0.1958650710928352,1.0
linear-delay9.5,"Log-linear temperature, reporting delay 9.5 days",-3794.884560848724,-3040.359986409935,0.0105824996616883,-0.0413775137966698,-0.305257698444534,-0.1759669789647018,-0.1525127304942439,0.1564222018505989,-0.0231145968911645,5.0,1.0986122886681098,-0.8154134975944656,0.0718175746202036,0.0182242295045755,0.0418135768011865,0.0497788981152072,0.042876628676587,0.001708242530338,6.0,0.6,0.2979906412473587
