series,season,log_k,k,season_total,season_peak
SE,2015,10.251392534490853,28321.953770259413,9396.0,1112.0
SE-M,2015,8.085970882962865,3248.572288512747,1301.0,176.0
SE-O,2015,8.499249036871241,4911.079415598041,1744.0,219.0
SE,2016,10.373291847588817,31993.621941526195,13497.0,1302.0
SE-M,2016,8.200899207489895,3644.225749549428,1481.0,176.0
SE-O,2016,8.691606911369265,5952.740087073274,2332.0,228.0
SE,2017,10.93090367317918,55876.75122053007,21267.0,2196.0
SE-M,2017,8.426782945484547,4567.781628091034,2219.0,382.0
SE-O,2017,9.335017338142086,11327.824668935718,3924.0,388.0
SE,2018,10.689378079854752,43887.20417195182,14280.0,1301.0
SE-M,2018,8.261442310060984,3871.6742300700685,1265.0,150.0
SE-O,2018,8.861901955409467,7057.8937861870645,2596.0,260.0
SE,2019,10.17460547852284,26228.59425818243,7658.0,930.0
SE-M,2019,8.337920761969334,4179.390752767324,772.0,112.0
SE-O,2019,8.516371667008942,4995.894064757455,1369.0,131.0
SE,2022,10.738343127221436,46089.62397658607,23421.0,3262.0
SE-M,2022,8.29941443169649,4021.516831429766,2389.0,415.0
SE-O,2022,8.426752060608177,4567.6405548986895,2593.0,369.0
SE,2023,10.877158268775148,52952.90797447823,16782.0,1669.0
SE-M,2023,8.38413790499519,4377.083460575103,1513.0,144.0
SE-O,2023,8.68692634999679,5924.9430254351755,1930.0,169.0
SE,2024,11.326758299695824,83013.48136686278,24848.0,2504.0
SE-M,2024,8.804308918867076,6662.8921022807735,2533.0,292.0
SE-O,2024,9.220675816954456,10103.89040173981,3004.0,337.0
