reference_date,location,r_eff_cutoff,r_eff_cutoff_q10,r_eff_cutoff_q90,log_k,log_k_prior_mean,susceptible_fraction_cutoff,phi,objective,grad_max,theta_host,theta_jul,theta_sport,theta_pask,theta_sommar,theta_temp,temp_mid,temp_log_width
2025-10-05,SE,0.8336757402730347,0.6731855155294373,1.007056840562495,10.687109514864456,10.688911159744649,0.9955857803209601,1086.9557985729418,-69.30281184843581,9.828177383042203e-09,-0.11316206876507254,-0.3408837938089358,-0.16774190346559684,-0.1707249256388846,0.018372705776217822,0.0,5.0,1.0986122886681098
2025-10-05,SE-M,0.8106355523894357,0.6173237780776755,1.033384137058716,8.3437984454815,8.34633233063669,0.9950245145461724,66.63499126620235,-84.7796535944073,2.9137683377200574e-09,-0.11315643845085971,-0.3408839919317526,-0.16774192171974525,-0.17072501894753195,0.01884885106704731,0.0,5.0,1.0986122886681098
2025-10-05,SE-O,0.902089492041206,0.6720149847565824,1.1400848203210827,8.56037993393958,8.559984893881087,0.9951966966603842,118.96332282631573,-81.31374230182689,3.140251664144288e-09,-0.11328500927810073,-0.34087946770253463,-0.16774150488033573,-0.17072288820708473,0.007975853186450874,0.0,5.0,1.0986122886681098
2025-10-12,SE,1.0091953310425743,0.8236899479811522,1.1893185785938836,10.69120912477218,10.688911159744649,0.994555476915467,1079.1266992429785,-64.12804649724823,8.363444741199544e-06,-0.11318835143931857,-0.3408828682003744,-0.16774181825197226,-0.17072449006715912,0.016150030042785993,0.0,5.0,1.0986122886681098
2025-10-12,SE-M,0.7989673403118637,0.6072454596679504,1.0183923860079869,8.343327422822533,8.34633233063669,0.9948310807994639,66.75744254335902,-83.71610012968556,7.277341994322295e-10,-0.11314599861580799,-0.3408843592951683,-0.16774195556660448,-0.17072519196145272,0.019731728676510102,0.0,5.0,1.0986122886681098
2025-10-12,SE-O,0.9304204784678735,0.7086953705187746,1.1512300901359114,8.56091024534013,8.559984893881087,0.9945286988625776,119.32488059213131,-79.76070346017895,3.1576725361454852e-09,-0.11329321407802787,-0.34087917898732506,-0.167741478279567,-0.17072275223302757,0.007281988379358002,0.0,5.0,1.0986122886681098
2025-10-19,SE,1.0898444691749407,0.924750126901302,1.2480293875348591,10.69270049915852,10.688911159744649,0.9933894584374497,1084.434104579168,-61.13494794916651,1.9445896140500826e-09,-0.1131762214515672,-0.34088329579554394,-0.16774185758118285,-0.1707246910934746,0.01717583916210072,0.0,5.0,1.0986122886681098
2025-10-19,SE-M,0.9053176441487102,0.687280569081338,1.1550983090139815,8.346624265798086,8.34633233063669,0.9936310081297435,66.57132813739862,-80.88047762184009,5.5225891023875234e-09,-0.11319027628953118,-0.3408828012253068,-0.16774181201402205,-0.17072445816959866,0.01598724742101836,0.0,5.0,1.0986122886681098
2025-10-19,SE-O,1.0549541633153092,0.8512989807798688,1.2374245609760945,8.563486449805726,8.559984893881087,0.9927664634878604,119.65602664046365,-77.24232639230848,2.7131216774356933e-10,-0.11331165915276424,-0.34087852993079587,-0.16774141847881707,-0.17072244655200414,0.005722122406315646,0.0,5.0,1.0986122886681098
2025-10-26,SE,1.2393026493555168,1.0720798074775524,1.407294499766933,10.696847000196898,10.688911159744649,0.9906600873896683,1089.7506411068766,-57.061170313539236,7.1402028872791234e-09,-0.1131512113716098,-0.34088410775477496,-0.16774193473259502,-0.17072507525927683,0.019123828548680465,0.0,5.0,1.0986122886681098
2025-10-26,SE-M,0.9935877569341255,0.7801250296924281,1.2095806654568977,8.348722047972874,8.34633233063669,0.9923364476977318,66.939393214389,-78.86442389228174,2.1568694959313604e-09,-0.11319803965392432,-0.34088252804328323,-0.1677417868444301,-0.17072432951128566,0.015330714005465948,0.0,5.0,1.0986122886681098
2025-10-26,SE-O,1.1955449868609476,0.9958346658880074,1.3799654410224667,8.568146939799107,8.559984893881087,0.9887612435038031,120.40198143049757,-74.1981597148505,1.7135234398057975e-08,-0.11331694916985668,-0.3408783437824477,-0.16774140132805954,-0.17072235888316745,0.005274755411313036,0.0,5.0,1.0986122886681098
2025-11-02,SE,1.1132173262660043,0.9641448968562637,1.2593524574312893,10.691783780818419,10.688911159744649,0.9895466624791155,1079.2830703414174,-53.11301679891497,2.017048955943457e-06,-0.11318642283711228,-0.34088362024229235,-0.16774186371400887,-0.17072482502342343,0.01798782214238997,0.0,5.0,1.0986122886681098
2025-11-02,SE-M,1.0214919638130808,0.825963627078467,1.2116402149459564,8.34944404088482,8.34633233063669,0.9911109190578614,67.44496429998121,-77.15987667566371,2.1145596384997134e-09,-0.11319756102858573,-0.34088254488554176,-0.16774178839618092,-0.170724337443304,0.015371190466505433,0.0,5.0,1.0986122886681098
2025-11-02,SE-O,1.2056458815156077,1.0113320294853407,1.375118110322377,8.56891744683655,8.559984893881087,0.9846735385444687,121.97132650216425,-71.92789563447421,8.713624618443475e-09,-0.11331652334817352,-0.3408783587662555,-0.16774140271383098,-0.17072236591544615,0.005310766368775637,0.0,5.0,1.0986122886681098
2025-11-09,SE,0.9513584100322118,0.7957827209076199,1.1102813118068753,10.689236919564184,10.688911159744649,0.9882058851405274,1087.1043892920638,-49.900272514140056,1.2632499709788269e-05,-0.11386182051333771,-0.3408830543809373,-0.16774101322445242,-0.17072395366536533,0.017764596849204593,0.0,5.0,1.0986122886681098
2025-11-09,SE-M,1.0282058536235588,0.8322831035899372,1.2366931142904116,8.353846624641108,8.34633233063669,0.9876771204880082,67.9313898304951,-74.25079244642392,5.230342825512935e-10,-0.11253113530600502,-0.3408833675066404,-0.16774264215509677,-0.1707253108955673,0.016226071605956308,0.0,5.0,1.0986122886681098
2025-11-09,SE-O,1.0099920578616466,0.8175291979710098,1.1919002133378573,8.56403786704766,8.559984893881087,0.9828684345929019,122.12767711007093,-69.36549135224783,5.294117311205326e-09,-0.11387145380130091,-0.34087780980431803,-0.16774069964281516,-0.1707216158922491,0.0049325780062455405,0.0,5.0,1.0986122886681098
2025-11-16,SE,1.0094585243890435,0.8629058148639689,1.1455707722261654,10.685270992318049,10.688911159744649,0.9871749635779191,1094.1449812167803,-46.57379610633288,8.925536511290161e-07,-0.12555492203992072,-0.34087470291445265,-0.16772638544537058,-0.17070958575425096,0.01769942596551781,0.0,5.0,1.0986122886681098
2025-11-16,SE-M,1.1445954166303656,0.9534856242926697,1.3266287706123505,8.353690151982285,8.34633233063669,0.9852584433881382,68.7740068075026,-72.2255615616697,7.80113751375211e-11,-0.11280043252047028,-0.3408831654188503,-0.16774230468496978,-0.1707249755351197,0.01620029584024215,0.0,5.0,1.0986122886681098
2025-11-16,SE-O,1.0315956615337116,0.8573763763276566,1.1841761228534173,8.556033036733547,8.559984893881087,0.982571082205517,121.29745178756954,-66.31457244410458,8.297642618356001e-11,-0.12465511266045266,-0.3408699082726285,-0.16772719710803422,-0.17070827174060627,0.004368459713033976,0.0,5.0,1.0986122886681098
2025-11-23,SE,1.0934231819849438,0.930871639969856,1.239725767243433,10.69227906488349,10.688911159744649,0.9845226498607473,1089.5902990853951,-42.73237596009584,4.165586181548164e-09,-0.11133982117822976,-0.3408848139230741,-0.16774416695875438,-0.17072704032311178,0.017695118375137465,0.0,5.0,1.0986122886681098
2025-11-23,SE-M,1.130123863270274,0.9357111186851302,1.3097759085733078,8.353010629631715,8.34633233063669,0.9824489689768321,69.67248947742135,-70.1287766921719,9.30874089963285e-09,-0.11394105449365931,-0.34088231849329337,-0.16774087583455252,-0.17072355911679615,0.016113264576408663,0.0,5.0,1.0986122886681098
2025-11-23,SE-O,0.9451083514692015,0.7758616422840474,1.0961312172121127,8.548329966121493,8.559984893881087,0.9825436437146383,121.24226093335231,-63.48037882014908,3.064527090140709e-10,-0.13631523536256807,-0.3408614958371263,-0.1677126047108599,-0.17069390145659885,0.004080576316128769,0.0,5.0,1.0986122886681098
2025-11-30,SE,1.4192381059538253,1.2254169297445936,1.578207271901947,10.7250799688129,10.688911159744649,0.9736704101293575,1057.967406761459,-34.045059652052814,3.7694221241557635e-07,-0.15189904872199628,-0.34085612363492007,-0.16769344097073033,-0.17067730847363924,0.01809674657068941,0.0,5.0,1.0986122886681098
2025-11-30,SE-M,1.1168503349320396,0.9305491275392329,1.2864259335900086,8.352286335762088,8.34633233063669,0.9790549120474639,70.77504610670798,-67.9242891540837,1.4199760860185994e-09,-0.11404465614011183,-0.34088222252017075,-0.16774074495332825,-0.17072342198762772,0.016058639417959073,0.0,5.0,1.0986122886681098
2025-11-30,SE-O,1.0280256301468578,0.847842994789817,1.1853321784497024,8.5570168430524,8.559984893881087,0.979152231773021,120.15295388558883,-60.522062135157945,8.30952287465076e-09,-0.13432990086547225,-0.34086296873213284,-0.1677150916550213,-0.1706963662837574,0.004229027863626652,0.0,5.0,1.0986122886681098
2025-12-07,SE,1.4861113836868247,1.279778304564236,1.6281765097663456,10.743157572065712,10.688911159744649,0.9509751742623729,1114.4377431253406,-29.628582792448505,2.3120734493620176e-09,-0.16277468557249222,-0.3408484368267102,-0.16767983956616228,-0.1706639760859414,0.018219846706822265,0.0,5.0,1.0986122886681098
2025-12-07,SE-M,1.189771248073497,0.993026881551899,1.3570836855295856,8.361410714115104,8.34633233063669,0.9704374793491399,71.71253508691325,-64.93785284066179,1.1272687550738932e-08,-0.11838936664706544,-0.34087926738376984,-0.1677353180035171,-0.1707181473328586,0.0163915233466667,0.0,5.0,1.0986122886681098
2025-12-07,SE-O,1.3116935783419872,1.093072976782864,1.4783360027693406,8.597982536336389,8.559984893881087,0.963292540421259,110.87251362820714,-53.14172517831059,1.962738361860792e-09,-0.15282564310977942,-0.340850050233498,-0.167691969207634,-0.1706737610109322,0.004816396162568689,0.0,5.0,1.0986122886681098
2025-12-14,SE,1.3662470253317207,1.1438767325032735,1.4870673384363307,10.714642519963316,10.688911159744649,0.915211684541479,1151.7146113448944,-24.9772941686292,2.8333727280662954e-05,-0.16179315176450543,-0.34084912878518114,-0.16768106635564983,-0.17066517357028002,0.018178809567557224,0.0,5.0,1.0986122886681098
2025-12-14,SE-M,1.2669826427768005,1.0565457877652982,1.429345362000974,8.379397729577107,8.34633233063669,0.953035238307271,73.75987411874372,-61.46499338135399,3.873891818440001e-09,-0.12471189275631654,-0.34087485932237777,-0.16772741436067665,-0.17071042353214927,0.016611828633400424,0.0,5.0,1.0986122886681098
2025-12-14,SE-O,1.3369417101792884,1.1087140377183566,1.4894898857205758,8.610192086471741,8.559984893881087,0.9406337491234914,117.98866850307397,-49.85743750216315,1.3992815833807626e-07,-0.1565811665491049,-0.3408474051592177,-0.1676872729705792,-0.17066916126955156,0.004881708944482611,0.0,5.0,1.0986122886681098
2025-12-21,SE,1.2622825594513696,1.0224337004553186,1.3583724453474029,10.698480994087927,10.688911159744649,0.8552878291934501,1229.8065322072882,-20.075610502689045,1.515080930021822e-05,-0.16219297170513985,-0.3408488354205875,-0.1676805662084875,-0.17066468366724186,0.018181719068683898,0.0,5.0,1.0986122886681098
2025-12-21,SE-M,1.3227733715674868,1.0863692611969533,1.4635778469296734,8.415119386462306,8.34633233063669,0.9160069945513126,77.52687124123545,-57.46787061833791,4.684789618736307e-09,-0.12912355607270845,-0.340871764562954,-0.16772189834670206,-0.17070502568060533,0.016719067569768892,0.0,5.0,1.0986122886681098
2025-12-21,SE-O,1.3472576051479797,1.0990536120663896,1.4695056064589638,8.644617975824158,8.559984893881087,0.89191190358183,125.77154037039769,-45.884262342470585,7.856725937830468e-09,-0.15954347203154443,-0.3408453181153743,-0.16768356862129105,-0.1706655327604496,0.004931631865632856,0.0,5.0,1.0986122886681098
2025-12-28,SE,0.6785188082317337,0.5329006353482832,0.7406158622950061,10.134197955328744,10.688911159744649,0.7082749702198307,1126.5305824078414,-12.009062632830535,2.740051866692572e-06,-0.16402853634052217,-0.34084788750618406,-0.16767826133262953,-0.1706624223712046,0.018140499495339506,0.0,5.0,1.0986122886681098
2025-12-28,SE-M,0.8779206295132258,0.7094348370499683,0.9569609840876121,8.390109158759616,8.34633233063669,0.87542265560131,80.72587859166748,-53.68879478981067,1.0327976412803857e-08,-0.12856605521881434,-0.34087219315024014,-0.16772259476166954,-0.17070570869530594,0.016710629077869566,0.0,5.0,1.0986122886681098
2025-12-28,SE-O,0.8425709563133935,0.6772181487741233,0.9128399251107544,8.554591111862845,8.559984893881087,0.8434836479505746,123.92800931367528,-41.35679217429039,4.89341900333784e-11,-0.15876381668943762,-0.3408459799991781,-0.16768454063873325,-0.17066648483935587,0.004902607292905889,0.0,5.0,1.0986122886681098
2026-01-04,SE,0.685575116784728,0.5518692515335784,0.7369253721173452,10.345874983249761,10.688911159744649,0.7203416819532469,1117.8434610114955,-6.7057973486462,2.168835899762911e-08,-0.1639628589605096,-0.34038112592508163,-0.16777166592493986,-0.1710070260263296,0.01815584366603002,0.0,5.0,1.0986122886681098
2026-01-04,SE-M,0.8357272874390128,0.6714575503108194,0.9153229919906252,8.384167125712596,8.34633233063669,0.8426900810107677,86.32569470440596,-49.815406243492895,2.1399755301132473e-09,-0.12866458877135847,-0.3408966195950132,-0.16771810444595034,-0.17068970012242077,0.01671568500755233,0.0,5.0,1.0986122886681098
2026-01-04,SE-O,0.70553601860903,0.5653842525294718,0.7715360785346516,8.262191064189967,8.559984893881087,0.798919431724236,112.13335768591052,-34.96710874212248,1.1100513841455495e-09,-0.15964049966288657,-0.34180154249197836,-0.1674877540650838,-0.1699409687214082,0.004892622895079654,0.0,5.0,1.0986122886681098
2026-01-11,SE,0.774916621729453,0.6187111750511786,0.8400940672273333,10.743956788794573,10.688911159744649,0.7728035950514222,1057.101044184748,1.0812848478923343,3.741642574572879e-05,-0.1642877855295009,-0.3390142406719592,-0.16705214323669904,-0.16791346936405466,0.018150146180659153,0.0,5.0,1.0986122886681098
2026-01-11,SE-M,0.8256549898850646,0.6554786348073092,0.9128706897282317,8.41860965201457,8.34633233063669,0.8187349618444358,92.04444608872174,-45.6510412044594,1.9513673121807074e-08,-0.12863341861531088,-0.3406571549547038,-0.16768141358271366,-0.1705167656879218,0.016717570479255074,0.0,5.0,1.0986122886681098
2026-01-11,SE-O,0.8185166232434145,0.648134909835812,0.9025290345222134,8.661455987487324,8.559984893881087,0.8129007276151191,67.08486693119136,-26.966705359023237,2.0635587683059953e-09,-0.1559788856382236,-0.34015553876513566,-0.16724519388908227,-0.1687783177055054,0.004944925782712953,0.0,5.0,1.0986122886681098
2026-01-18,SE,1.1065545120924167,0.9023051164831671,1.1983687301970376,10.88615929862752,10.688911159744649,0.7750530696178017,1178.684878330834,6.667272317625731,5.292499682951757e-08,-0.16436504902955779,-0.3354391424726459,-0.167296794489296,-0.16860931086997627,0.01816375610709952,0.0,5.0,1.0986122886681098
2026-01-18,SE-M,1.0717274720367092,0.854205365626698,1.180266346971555,8.392548327056357,8.34633233063669,0.7953775832516756,97.39307392081662,-41.87043415026697,1.4320210328655492e-07,-0.12880381226956072,-0.34105139383926897,-0.16766313718749323,-0.17047671987891228,0.016723172677726498,0.0,5.0,1.0986122886681098
2026-01-18,SE-O,1.227433752669974,0.9711070475181494,1.3402744167856318,8.897137208140181,8.559984893881087,0.8023341954326366,64.14838251683119,-20.697617466985974,5.08119585296285e-09,-0.15480009492880176,-0.3360740104034723,-0.16744477552173473,-0.1692381101969583,0.004951049216351486,0.0,5.0,1.0986122886681098
2026-01-25,SE,1.013661894493533,0.8369568723333487,1.099301104460532,10.776647151378747,10.688911159744649,0.7328515851347746,1096.6323953101796,12.363155298105767,8.895375032454828e-07,-0.16440167420877216,-0.33420116251379867,-0.1673182657337045,-0.16858887771376097,0.01815736365694301,0.0,5.0,1.0986122886681098
2026-01-25,SE-M,1.1536188249760697,0.9264353310839205,1.2695563328192732,8.511220468156596,8.34633233063669,0.7792069027625697,98.95403856239457,-37.60552211422355,8.035652171445307e-09,-0.12852287600228696,-0.34022838783716863,-0.16770289809010097,-0.1705672629665312,0.016718537495680745,0.0,5.0,1.0986122886681098
2026-01-25,SE-O,1.092896607987316,0.8797761811722986,1.1951720117753435,8.734779011128964,8.559984893881087,0.7516807398038889,54.46389049657227,-15.553003505018253,5.950675486511681e-10,-0.1544059383013406,-0.33756409987567837,-0.16742889653883367,-0.16930249276936907,0.004976906584138475,0.0,5.0,1.0986122886681098
2026-02-01,SE,0.9500911079987736,0.796658907241317,1.0308555648603024,10.740053002817302,10.688911159744649,0.7052462470511559,1177.4803397982205,17.158352883558535,1.0121704681509414e-05,-0.1645192947071531,-0.33235607783032106,-0.16736144625808752,-0.16860489128486486,0.01816229380490308,0.0,5.0,1.0986122886681098
2026-02-01,SE-M,1.0819073137672242,0.8992639227665731,1.1938618744674017,8.488729567523384,8.34633233063669,0.7398421228999201,103.85484172650386,-33.79515004011465,3.5346832240177464e-09,-0.12861325600469087,-0.3398790350366706,-0.1677080689767592,-0.17055814617104556,0.01672059177871121,0.0,5.0,1.0986122886681098
2026-02-01,SE-O,0.9744203441430014,0.7995078290591765,1.0738042866942539,8.61753433978887,8.559984893881087,0.7057454687443031,54.34324080216789,-10.935832450109459,5.103067826084384e-07,-0.15461268061859626,-0.33637550184682335,-0.16745048923183356,-0.1692876042105782,0.004975525127742991,0.0,5.0,1.0986122886681098
2026-02-08,SE,1.0151452077983518,0.8659298716612832,1.1038831757689576,10.840885701009114,10.688911159744649,0.7052342460281126,1119.841033794886,22.943177937617108,4.638626733921569e-05,-0.1643895624186124,-0.33497736978413445,-0.16730315191942288,-0.1685949051104668,0.01817075685263964,0.0,5.0,1.0986122886681098
2026-02-08,SE-M,1.0549997587315856,0.8913396703348848,1.1640480774713986,8.545609738359044,8.34633233063669,0.7022681884469679,109.35906329850489,-29.581537470724598,4.44290433757078e-09,-0.12864032952027546,-0.3410025603263287,-0.16768130189965302,-0.17054683644774782,0.01672952849150566,0.0,5.0,1.0986122886681098
2026-02-08,SE-O,0.9969775119129188,0.8316839409613367,1.1043637221362295,8.722120138295875,8.559984893881087,0.6911835434357368,53.25299932561823,-6.0303793073512395,3.114926171221555e-06,-0.154394943403432,-0.33823927121500913,-0.16741335838535845,-0.1692978493536219,0.004985935783803213,0.0,5.0,1.0986122886681098
2026-02-15,SE,1.0859703704294115,0.9363415187844021,1.1821248782724068,10.961903649268049,10.688911159744649,0.7014131843258573,1201.5728008425963,29.085067761074924,2.4610493198906624e-08,-0.1643994249170751,-0.3347929730707123,-0.1673074281372182,-0.1685963384883066,0.018194905550052286,0.0,5.0,1.0986122886681098
2026-02-15,SE-M,0.9782126966442206,0.8415606653875232,1.0912386379623369,8.533911987287278,8.34633233063669,0.6533865483977068,116.10335698312323,-25.437510566198284,4.939277938043052e-09,-0.12871706498998578,-0.34088967323940883,-0.1676824677833152,-0.17054199360738273,0.016732024247964446,0.0,5.0,1.0986122886681098
2026-02-15,SE-O,0.9793803639065518,0.8333128535354988,1.1000319932118376,8.776953210930287,8.559984893881087,0.6657353030986798,55.895056550209844,-1.4253580874492826,3.7013478308978165e-06,-0.15461000110620757,-0.33882381193393185,-0.16738578192602074,-0.16923634681172994,0.004983221974397219,0.0,5.0,1.0986122886681098
2026-02-22,SE,0.9855131905835169,0.8559593646462501,1.077175936648259,10.937963548101857,10.688911159744649,0.6637434966181752,1254.9871167199387,34.15750598979888,3.065703585658497e-06,-0.16445453744003768,-0.33478559263171054,-0.1673534715272164,-0.16858330543453318,0.018197123265034247,0.0,5.0,1.0986122886681098
2026-02-22,SE-M,0.9047433241621468,0.7814833142553711,1.0108131111712255,8.510937110738848,8.34633233063669,0.6061577245768022,123.17144168905666,-21.270569777506196,4.422884960769589e-08,-0.1287986542545914,-0.3408516333264007,-0.16768189305839534,-0.17053658542379826,0.01673443268449913,0.0,5.0,1.0986122886681098
2026-02-22,SE-O,0.8515051642231187,0.7258063453989979,0.9596672518086805,8.861888537332153,8.559984893881087,0.6499545482906525,58.91458278182053,3.4953242254537287,2.4590717240258186e-09,-0.1548243390341202,-0.3391506655169315,-0.16714426891142667,-0.16916226264173445,0.004982490578159728,0.0,5.0,1.0986122886681098
2026-03-01,SE,0.8425083842774848,0.7497911851351455,0.9397167046121017,10.817075567578655,10.688911159744649,0.6031009376084917,1288.5419540984872,39.89776862129219,5.3740436137431695e-08,-0.16453808154231675,-0.33454141582449576,-0.1702484056892801,-0.16866967855308473,0.018195005080102862,0.0,5.0,1.0986122886681098
2026-03-01,SE-M,0.7023556152680112,0.6105898874207959,0.813531332035849,8.4328645979693,8.34633233063669,0.5564167316496552,129.08372640354492,-17.121475018419474,6.2747674967056355e-06,-0.12891004656120045,-0.3409740979264632,-0.1678281900078768,-0.1705346943905069,0.016736902095565116,0.0,5.0,1.0986122886681098
2026-03-01,SE-O,0.9192427288218704,0.7982640067120561,1.0344859642711366,8.869795818071742,8.559984893881087,0.6226923591531969,62.45570284780953,8.019662903239407,1.3807091444384412e-05,-0.1551013543917718,-0.33906260646810327,-0.16692013426756747,-0.16908730589905205,0.004974127544931607,0.0,5.0,1.0986122886681098
2026-03-08,SE,0.7958705360642733,0.7069033261462789,0.9065466346351521,10.767664643824705,10.688911159744649,0.5684691002716327,1383.6449340163285,44.837568694825436,1.992384408000536e-05,-0.16462306472059024,-0.3342961767838034,-0.1725087865801261,-0.16872581159382283,0.01820097633278221,0.0,5.0,1.0986122886681098
2026-03-08,SE-M,0.8249931853519047,0.7210973048145617,0.9538904023152471,8.477195735841928,8.34633233063669,0.5537152298484144,133.83615350331007,-13.215895653183068,8.800799864816522e-06,-0.12891578631598882,-0.34088723675873833,-0.16617129446992976,-0.1704772307574135,0.016737481371161524,0.0,5.0,1.0986122886681098
2026-03-08,SE-O,0.8640158434375602,0.7533746320293362,0.9989737691957965,8.797110510314457,8.559984893881087,0.579826980219813,63.771247705994845,12.478915459583718,9.588734251053666e-10,-0.15524400364442706,-0.3391064652381273,-0.170082761008628,-0.16916800324572093,0.004969343376255839,0.0,5.0,1.0986122886681098
2026-03-15,SE,0.7279756386586778,0.6426842605821466,0.8495363408869949,10.63535744810266,10.688911159744649,0.5035782325486879,1375.6722441043823,50.759775139251616,2.4409998511831787e-05,-0.16468754072556727,-0.3339485598659911,-0.17668231523753258,-0.16886081505770292,0.018205172837389868,0.0,5.0,1.0986122886681098
2026-03-15,SE-M,0.7238383342798992,0.6326388583855753,0.8584765168267421,8.326234222533676,8.34633233063669,0.48275886636785503,126.96292206808623,-8.49017995263722,4.17143439235268e-09,-0.12897466995080314,-0.3411474368878547,-0.17399935236383504,-0.17073778847199808,0.016747572369604193,0.0,5.0,1.0986122886681098
2026-03-15,SE-O,0.8183951536170689,0.7137676139667437,0.9573865197179057,8.75767302402488,8.559984893881087,0.550929261076913,66.78084816414197,16.54386104470035,4.642303430557604e-09,-0.15548971030986927,-0.33908926843373455,-0.1697445283134228,-0.16910022032623545,0.004963018514528087,0.0,5.0,1.0986122886681098
2026-03-22,SE,0.7148662354215856,0.6278649678372156,0.8426053443767519,10.614834353108304,10.688911159744649,0.48858960028053494,1424.5834405284218,54.97301100272131,4.802307529416794e-08,-0.1647306911734368,-0.3338522441336398,-0.17577420003698307,-0.1688211601622138,0.01821168816415061,0.0,5.0,1.0986122886681098
2026-03-22,SE-M,0.6426176424079605,0.556035313248815,0.7793272999594754,8.221334619062114,8.34633233063669,0.4280569784753279,123.86631723226832,-4.1162181765769645,1.083276616853368e-05,-0.1290691514732414,-0.3413445293130055,-0.1729472660716362,-0.17069823115548866,0.016772393762362697,0.0,5.0,1.0986122886681098
2026-03-22,SE-O,0.7420408718657382,0.6400020390034631,0.8879573269163586,8.66407411470408,8.559984893881087,0.5058732194525092,67.38164616713719,20.84225152883235,2.7769992483328565e-07,-0.15562886976064388,-0.3391815928087029,-0.1647038841532593,-0.16891597263988728,0.004966325935157697,0.0,5.0,1.0986122886681098
2026-03-29,SE,0.7507317470182959,0.656255630869258,0.8786807293337858,10.646086856830232,10.688911159744649,0.4994003068612969,1420.2615219555762,59.23200645094718,0.0003741409103072968,-0.1647010024866323,-0.3339144390816399,-0.1802297584674443,-0.16897196686288718,0.018199180625522445,0.0,5.0,1.0986122886681098
2026-03-29,SE-M,0.6648213346131815,0.5740672219830694,0.8078183560695629,8.247220628964396,8.34633233063669,0.4391234990621258,123.6255174472057,-1.2897407016048135,1.8496461174688505e-05,-0.12902653009515283,-0.3413014519914715,-0.1748520656674203,-0.17076419154009673,0.016756959936009157,0.0,5.0,1.0986122886681098
2026-03-29,SE-O,0.7074304759203729,0.6110989973301157,0.8492098656618075,8.63028090823019,8.559984893881087,0.48647628058729203,69.88632084046021,24.173996010523766,4.5129990722259095e-07,-0.15582953918995748,-0.3391436086390583,-0.16231787884224025,-0.16878983066029113,0.004966910463223024,0.0,5.0,1.0986122886681098
2026-04-05,SE,0.7793962393356365,0.6815478333264464,0.9174187576490948,10.661733393541923,10.688911159744649,0.5036508749020213,1440.1185905273346,63.13519816417781,8.804517648286492e-08,-0.16470101059652778,-0.33392374941047925,-0.18269665563369525,-0.16905171282328402,0.01818838542632644,0.0,5.0,1.0986122886681098
2026-04-05,SE-M,0.6973887896312492,0.6001461356476162,0.8557455743558655,8.270679560349178,8.34633233063669,0.44940998770418855,122.64141720209271,1.463353944915113,5.905846550469107e-06,-0.12897204694926517,-0.341272365305664,-0.17756884170287038,-0.17085778208295913,0.016729643380227716,0.0,5.0,1.0986122886681098
2026-04-05,SE-O,0.7306874974052179,0.6299557425418482,0.883925655073218,8.654798368505455,8.559984893881087,0.4946031425039486,70.0594040687136,27.330610805649044,4.1006394391196466e-09,-0.15581266290981285,-0.3391334381112469,-0.16394097806894203,-0.16884225183055315,0.004957626021620239,0.0,5.0,1.0986122886681098
2026-04-12,SE,0.836105469837669,0.7340588925280013,0.9769220269788463,10.69217023915752,10.688911159744649,0.5142061014129574,1444.3850428334545,68.19400529547833,2.523434918799694e-07,-0.1646876726149471,-0.33389585786114995,-0.18477517963021972,-0.16896990015996974,0.018161710240706626,0.0,5.0,1.0986122886681098
2026-04-12,SE-M,0.6246622887351067,0.5283925392406056,0.768114723049327,8.283503940803365,8.34633233063669,0.45473205871408023,122.48258583157194,3.8672560852732403,1.0845487591448766e-05,-0.12893513124844808,-0.3412381214068835,-0.17926253727476915,-0.17086297904876938,0.016701217744340482,0.0,5.0,1.0986122886681098
2026-04-12,SE-O,0.7208108434015794,0.6187148225271212,0.8661585132114645,8.663489855697804,8.559984893881087,0.4964996898163068,70.90456745216326,30.038355666422646,4.7232268152175294e-08,-0.15585370416931218,-0.3390987319730243,-0.16436608975203568,-0.16885060393540074,0.004949699836342867,0.0,5.0,1.0986122886681098
2026-04-19,SE,0.8069346786341881,0.7002381350141085,0.9549493298205769,10.703814182380594,10.688911159744649,0.5166896645029052,1472.5767456012652,72.07443861867188,1.9236811815703803e-07,-0.16470956190190006,-0.33399417913523105,-0.18459767601645088,-0.16666889078876823,0.018154605223910398,0.0,5.0,1.0986122886681098
2026-04-19,SE-M,0.7463361263396652,0.633354782394501,0.9049911066766021,8.294461901596943,8.34633233063669,0.4591888675246973,122.52842356375577,6.281757688350083,3.576709118213728e-06,-0.12890915842865466,-0.3412822758408081,-0.18060226979672175,-0.16905251273885946,0.016655478290449777,0.0,5.0,1.0986122886681098
2026-04-19,SE-O,0.7099560230733236,0.6005739856632991,0.8606046931426493,8.694571508631666,8.559984893881087,0.5082910116833949,70.46386348512253,33.84492057420762,2.227803719279109e-09,-0.15581985408683774,-0.3392689716149981,-0.1650965279099129,-0.16743700269028922,0.004916204009801691,0.0,5.0,1.0986122886681098
2026-04-26,SE,0.8589720753947873,0.7461702175401738,1.0065263422732034,10.69274817940329,10.688911159744649,0.5103290222970159,1464.1401007977054,75.81651716772654,1.940239027220514e-06,-0.16468620623595454,-0.3340407713805441,-0.18505400346504763,-0.17441374043934973,0.01818065510428878,0.0,5.0,1.0986122886681098
2026-04-26,SE-M,0.8273415298660555,0.6996158401216398,1.0127744603319335,8.306744720532183,8.34633233063669,0.46395755604969996,122.56458974222777,9.115661248850074,3.5561678081580395e-06,-0.12886271016582238,-0.34126284537507634,-0.18170913340180983,-0.16322481627397525,0.016570615315702933,0.0,5.0,1.0986122886681098
2026-04-26,SE-O,0.8084664672972397,0.6868829214882411,0.9784113200746942,8.693128832863191,8.559984893881087,0.5064652565006393,71.13570266315239,36.14267821332831,3.832743011855655e-10,-0.15586195684735504,-0.3392558060634225,-0.16509680296633278,-0.16781531969991315,0.004917914470965935,0.0,5.0,1.0986122886681098
2026-05-03,SE,0.8851291334333242,0.7615520334293214,1.035900344513776,10.69791033357866,10.688911159744649,0.5111351277600661,1469.9637909042208,79.13480810238337,7.355156972366217e-08,-0.164702668808263,-0.3340339140356927,-0.18493791825310196,-0.17206665776490712,0.018156794484042553,0.0,5.0,1.0986122886681098
2026-05-03,SE-M,0.8644665356683495,0.7242162413863549,1.0612268879724083,8.311468648177485,8.34633233063669,0.4650847824148298,123.17379296588108,11.197116887693056,5.142354625453649e-09,-0.12884525070854605,-0.34125532413952925,-0.18197909003845136,-0.1615226120016419,0.01652959171140992,0.0,5.0,1.0986122886681098
2026-05-03,SE-O,0.7867829846547318,0.6616530644662147,0.9596035419486206,8.68895468506913,8.559984893881087,0.5039229155904115,71.23963214351868,38.18921063136975,2.5283286802048755e-07,-0.15586840064156074,-0.3392597753195399,-0.16518382529024997,-0.16966734268349262,0.004941929891718254,0.0,5.0,1.0986122886681098
2026-05-10,SE,0.9113254803991426,0.7806757922261028,1.057721942677796,10.702067448210776,10.688911159744649,0.5115519027889499,1474.4861786461186,82.33362110333279,3.6364652977738388e-06,-0.16470660821632843,-0.33402244076103943,-0.18499710567033467,-0.1742470873942964,0.01813967827533068,0.0,5.0,1.0986122886681098
2026-05-10,SE-M,0.8242645996305907,0.6831436306455494,1.0051780259734766,8.307404036092143,8.34633233063669,0.4628454698017843,122.85842685588044,12.833034383542994,8.97835360902377e-06,-0.12888171828967426,-0.34127648928495186,-0.18184949477077433,-0.1615879068720255,0.016594175149898645,0.0,5.0,1.0986122886681098
2026-05-10,SE-O,0.8135154515214722,0.6758245392394804,0.9853088867213721,8.693362774853343,8.559984893881087,0.5051176683109517,71.72212527190248,40.28873574989322,2.219321171281763e-09,-0.15589316690407257,-0.33922597762134055,-0.16509075639438986,-0.16889624463873812,0.004898459007378218,0.0,5.0,1.0986122886681098
2026-05-17,SE,0.8908925888976196,0.7604755505995191,1.0324979985923726,10.699767921502781,10.688911159744649,0.5094562441791448,1479.2818902160213,85.40794146592076,3.7590352852667763e-07,-0.16470679579105793,-0.33398587654547346,-0.18494008335670192,-0.17237968864747089,0.018151008124305673,0.0,5.0,1.0986122886681098
2026-05-17,SE-M,0.9264066063516131,0.7608844489705576,1.1078833156528642,8.315654176109065,8.34633233063669,0.4651484142693022,123.32968660124276,16.03304326883371,2.898874029710896e-09,-0.12881272231744453,-0.3413269304872975,-0.18192294197088,-0.16376391446989802,0.016457642550192525,0.0,5.0,1.0986122886681098
2026-05-17,SE-O,0.8485667418427809,0.7037795052745646,1.0207947253082004,8.697790442760748,8.559984893881087,0.5062790404467844,72.30410967795892,42.44367897820233,1.6085305350799217e-05,-0.15592795959487588,-0.3392442352353052,-0.16500685882836863,-0.169486111151126,0.0048471805559744405,0.0,5.0,1.0986122886681098
