reference_date,location,horizon,target_end_date,future_rw_scale,mean,map_mean,q0.025,q0.1,q0.25,q0.5,q0.75,q0.9,q0.975
2025-10-05,SE,0,2025-10-05,1.0,45.906895344791664,14.968636678430265,8.0,11.0,14.0,19.0,29.0,52.10000000000002,355.17499999999984
2025-10-05,SE,1,2025-10-12,1.0,54.353169515002186,16.769677520266193,8.0,11.0,15.0,22.0,32.0,66.10000000000002,361.4249999999996
2025-10-05,SE,2,2025-10-19,1.0,66.44988534220244,18.946948802244012,8.0,12.0,17.0,25.0,40.0,81.10000000000002,494.14999999999986
2025-10-05,SE,3,2025-10-26,1.0,85.75637671982552,21.627764970426444,8.0,12.900000000000006,19.0,29.0,49.25,109.10000000000002,627.7749999999984
2025-10-05,SE-M,0,2025-10-05,1.0,7.371641125299933,1.4173475727822173,0.0,0.0,1.0,2.0,4.0,7.0,57.049999999999955
2025-10-05,SE-M,1,2025-10-12,1.0,9.166063878754533,1.5592783337000562,0.0,0.0,1.0,2.0,4.0,9.0,66.04999999999995
2025-10-05,SE-M,2,2025-10-19,1.0,11.7984409360226,1.7072181435545162,0.0,0.0,1.0,2.0,5.0,11.0,94.07499999999993
2025-10-05,SE-M,3,2025-10-26,1.0,15.311506801930317,1.870917978532849,0.0,0.0,1.0,3.0,6.0,16.0,119.02499999999998
2025-10-05,SE-O,0,2025-10-05,1.0,27.948583741538247,2.2108489050339024,0.0,1.0,2.0,3.0,6.0,28.100000000000023,283.1999999999998
2025-10-05,SE-O,1,2025-10-12,1.0,35.07088772782465,2.5499987008430844,0.0,1.0,2.0,4.0,8.0,39.30000000000007,373.07499999999993
2025-10-05,SE-O,2,2025-10-19,1.0,43.6254144370755,2.9165352867846335,0.0,1.0,2.0,5.0,10.0,61.10000000000002,469.0999999999999
2025-10-05,SE-O,3,2025-10-26,1.0,51.92062155274458,3.3412890441743155,0.0,1.0,2.0,5.0,12.25,86.10000000000002,534.5999999999995
2025-10-12,SE,0,2025-10-12,1.0,107.8281271402569,31.531384742138595,19.0,25.0,30.0,41.0,60.0,139.20000000000005,848.2749999999997
2025-10-12,SE,1,2025-10-19,1.0,159.43476730377296,43.581151477521026,22.0,30.0,40.0,57.0,89.0,237.30000000000007,1269.8499999999992
2025-10-12,SE,2,2025-10-26,1.0,246.9563068518883,60.972058887714,24.0,35.900000000000006,52.0,78.0,147.0,403.5000000000001,2091.524999999998
2025-10-12,SE,3,2025-11-02,1.0,400.00652122755463,87.04263508716596,23.975,41.0,65.0,109.5,254.0,720.2000000000003,3104.074999999996
2025-10-12,SE-M,0,2025-10-12,1.0,7.846211045562954,1.4819658689907484,0.0,0.0,1.0,2.0,4.0,8.0,56.049999999999955
2025-10-12,SE-M,1,2025-10-19,1.0,10.15735003601584,1.6420190226248372,0.0,0.0,1.0,2.0,4.0,10.0,79.07499999999993
2025-10-12,SE-M,2,2025-10-26,1.0,13.217667028030617,1.7913185181276425,0.0,0.0,1.0,3.0,5.0,13.0,92.04999999999995
2025-10-12,SE-M,3,2025-11-02,1.0,16.5962706552912,1.952075765454064,0.0,0.0,1.0,3.0,6.0,17.0,112.04999999999995
2025-10-12,SE-O,0,2025-10-12,1.0,29.513327980115363,3.022938755173394,0.0,1.0,3.0,5.0,9.0,37.10000000000002,263.025
2025-10-12,SE-O,1,2025-10-19,1.0,38.75223436396326,3.6432540211976123,0.0,1.9000000000000057,3.0,5.0,12.0,54.10000000000002,337.14999999999986
2025-10-12,SE-O,2,2025-10-26,1.0,49.959729495150285,4.361907089414959,1.0,2.0,3.0,6.0,16.0,76.10000000000002,520.0749999999999
2025-10-12,SE-O,3,2025-11-02,1.0,61.17851509123793,5.258289092729759,0.0,2.0,4.0,8.0,22.0,120.10000000000002,658.4499999999996
2025-10-19,SE,0,2025-10-19,1.0,117.44962967030433,43.82509371720931,28.975,35.0,44.0,57.0,79.0,155.20000000000005,831.8749999999983
2025-10-19,SE,1,2025-10-26,1.0,163.27566795738102,59.35103153578514,32.0,44.0,57.0,76.0,112.25,253.10000000000002,1147.2999999999988
2025-10-19,SE,2,2025-11-02,1.0,248.706965892641,85.33163851732982,35.0,52.0,72.0,108.0,193.25,433.0,1669.1499999999999
2025-10-19,SE,3,2025-11-09,1.0,388.8825116829438,122.39765701235791,36.95,61.0,93.0,156.5,329.25,807.7000000000002,2524.125
2025-10-19,SE-M,0,2025-10-19,1.0,17.468504559739095,2.5406548350780813,0.0,1.0,2.0,3.0,7.0,17.100000000000023,142.2249999999998
2025-10-19,SE-M,1,2025-10-26,1.0,22.845874751647607,2.865540032092544,0.0,1.0,2.0,4.0,8.0,27.0,175.2249999999998
2025-10-19,SE-M,2,2025-11-02,1.0,29.442659248195618,3.3645330153429636,0.0,1.0,2.0,5.0,10.0,41.10000000000002,279.62499999999943
2025-10-19,SE-M,3,2025-11-09,1.0,36.26987450187246,3.907985441317867,0.0,1.0,3.0,5.0,14.0,67.50000000000011,341.5499999999995
2025-10-19,SE-O,0,2025-10-19,1.0,24.959262788226024,6.142336011535406,2.0,3.0,6.0,9.0,16.0,46.10000000000002,150.52499999999952
2025-10-19,SE-O,1,2025-10-26,1.0,33.58938082538677,8.044032253855963,2.0,4.0,7.0,11.0,22.0,65.0,233.0999999999999
2025-10-19,SE-O,2,2025-11-02,1.0,49.966507564509904,11.2515959440764,2.0,5.0,8.0,15.0,37.0,106.10000000000002,308.0999999999999
2025-10-19,SE-O,3,2025-11-09,1.0,74.8694008568912,15.744278049802114,3.0,6.0,11.0,21.0,57.25,170.10000000000002,510.0
2025-10-26,SE,0,2025-10-26,1.0,189.90626126126904,91.38654663116894,63.975,77.0,93.0,117.0,157.0,282.20000000000005,956.1249999999999
2025-10-26,SE,1,2025-11-02,1.0,343.1550020860631,164.0382126351442,88.0,120.9,154.0,209.0,317.0,567.0,1694.7999999999993
2025-10-26,SE,2,2025-11-09,1.0,597.8021230182466,279.0035843377617,105.0,168.0,238.0,363.5,622.0,1132.6000000000001,2717.4999999999995
2025-10-26,SE,3,2025-11-16,1.0,1082.158368601182,490.40970525044065,120.95,217.0,357.5,636.5,1235.0,2488.3,4961.124999999999
2025-10-26,SE-M,0,2025-10-26,1.0,14.9772477329902,4.059566099604368,1.0,2.0,3.0,5.0,9.0,22.0,135.04999999999995
2025-10-26,SE-M,1,2025-11-02,1.0,23.493367676374326,5.473718988069495,1.0,2.0,4.0,7.0,14.0,37.10000000000002,178.2249999999998
2025-10-26,SE-M,2,2025-11-09,1.0,34.33297684119002,6.982175278929299,1.0,3.0,5.0,9.0,21.0,62.0,236.27499999999975
2025-10-26,SE-M,3,2025-11-16,1.0,49.20552413112391,9.022993732613699,1.0,3.0,5.0,12.0,33.0,104.20000000000005,373.9999999999991
2025-10-26,SE-O,0,2025-10-26,1.0,37.64013619263935,14.939191920552831,6.0,10.0,14.0,21.0,33.0,69.10000000000002,197.24999999999977
2025-10-26,SE-O,1,2025-11-02,1.0,66.0529876077209,26.343570237674825,9.0,15.0,24.0,37.0,64.0,133.10000000000002,322.47499999999957
2025-10-26,SE-O,2,2025-11-09,1.0,111.1828502395033,44.107811948774895,12.0,20.0,35.0,59.5,123.25,243.0,552.05
2025-10-26,SE-O,3,2025-11-16,1.0,188.12892939639838,75.96187723793622,13.0,27.0,52.0,100.0,224.25,432.0,879.6499999999994
2025-11-02,SE,0,2025-11-02,1.0,155.0554197932078,81.9874559281103,58.0,70.0,83.0,101.0,132.0,226.30000000000007,773.2499999999989
2025-11-02,SE,1,2025-11-09,1.0,189.05293577187888,101.16196400573097,57.0,76.0,95.0,127.0,180.0,305.0,861.2499999999998
2025-11-02,SE,2,2025-11-16,1.0,258.2127179757715,134.96067591777677,58.975,84.0,116.0,173.0,280.0,482.40000000000055,1083.1999999999998
2025-11-02,SE,3,2025-11-23,1.0,402.846397887232,197.5656072240682,59.0,98.0,146.0,251.0,462.5,874.7000000000004,1628.2749999999996
2025-11-02,SE-M,0,2025-11-02,1.0,14.628177820455752,5.167996998306458,1.0,2.0,4.0,7.0,11.0,22.0,105.04999999999995
2025-11-02,SE-M,1,2025-11-09,1.0,19.437809238521393,6.289951196272867,1.0,3.0,5.0,8.0,15.0,33.0,141.34999999999968
2025-11-02,SE-M,2,2025-11-16,1.0,28.055244761299,8.014828449895553,2.0,3.0,6.0,10.0,21.0,53.0,192.5499999999995
2025-11-02,SE-M,3,2025-11-23,1.0,44.16634401642102,10.99162480132441,1.0,4.0,7.0,14.0,35.0,94.0,274.0999999999999
2025-11-02,SE-O,0,2025-11-02,1.0,47.28309082604631,21.65121932882012,10.0,15.0,22.0,30.0,45.0,91.10000000000002,206.1249999999999
2025-11-02,SE-O,1,2025-11-09,1.0,69.68502077602659,32.63156658679988,14.0,21.0,30.0,45.0,75.0,136.10000000000002,299.2999999999997
2025-11-02,SE-O,2,2025-11-16,1.0,112.99439230439128,53.0880401142408,15.0,27.900000000000006,44.0,73.0,133.0,235.0,453.9999999999991
2025-11-02,SE-O,3,2025-11-23,1.0,195.8783338278999,93.23026416559257,17.975,32.0,65.0,118.0,242.0,437.0,797.7499999999993
2025-11-09,SE,0,2025-11-09,1.0,135.14044004203976,77.25187798293315,55.0,66.9,78.0,93.0,123.0,198.0,585.3249999999997
2025-11-09,SE,1,2025-11-16,1.0,156.00511697231812,90.11032560067953,52.0,67.0,85.0,113.0,158.25,256.20000000000005,581.3749999999997
2025-11-09,SE,2,2025-11-23,1.0,206.7652918333423,116.76840254485883,49.0,73.0,100.0,148.5,239.0,403.20000000000005,733.1249999999999
2025-11-09,SE,3,2025-11-30,1.0,303.0749374003379,158.87440349922375,50.975,78.0,121.0,198.0,355.25,634.1,1198.025
2025-11-09,SE-M,0,2025-11-09,1.0,20.377925694155817,10.224564718301975,4.0,6.0,9.0,13.0,21.0,34.0,100.0
2025-11-09,SE-M,1,2025-11-16,1.0,30.106699205574195,14.483243053881782,5.0,7.0,11.0,19.0,32.0,56.0,154.02499999999998
2025-11-09,SE-M,2,2025-11-23,1.0,50.44466546328564,22.607456836716025,5.0,9.0,16.0,29.0,54.25,105.20000000000005,259.0
2025-11-09,SE-M,3,2025-11-30,1.0,89.09509834492542,36.70011253159984,6.0,12.0,22.0,43.0,102.0,207.10000000000002,484.2249999999998
2025-11-09,SE-O,0,2025-11-09,1.0,38.81655574917806,19.442920693162673,9.0,13.0,19.0,26.0,39.0,73.0,156.0999999999999
2025-11-09,SE-O,1,2025-11-16,1.0,51.81338913881937,26.55828613511929,10.975000000000001,17.0,24.0,36.0,59.0,100.10000000000002,187.0
2025-11-09,SE-O,2,2025-11-23,1.0,78.23803575261267,39.69227714310293,12.0,20.0,30.0,52.0,94.25,158.20000000000005,300.025
2025-11-09,SE-O,3,2025-11-30,1.0,126.03506175745889,61.414631964990505,12.975000000000001,23.0,42.0,77.0,152.25,275.0,518.0749999999999
2025-11-16,SE,0,2025-11-16,1.0,104.26098098488315,62.03284928487717,43.0,51.900000000000006,62.0,76.0,98.0,156.0,415.0999999999999
2025-11-16,SE,1,2025-11-23,1.0,108.93463986770801,65.84392361494133,38.0,50.0,61.75,82.0,116.0,178.0,368.14999999999986
2025-11-16,SE,2,2025-11-30,1.0,132.18609165881296,77.81376844733563,35.0,48.0,66.0,98.0,153.0,243.0,439.1249999999999
2025-11-16,SE,3,2025-12-07,1.0,180.6880189409036,97.33450975269596,33.0,48.0,73.0,118.0,212.25,365.0,715.2249999999998
2025-11-16,SE-M,0,2025-11-16,1.0,20.401522780992753,11.217953128711983,4.0,7.0,9.0,14.0,22.0,35.0,84.02499999999998
2025-11-16,SE-M,1,2025-11-23,1.0,29.059186197194812,15.622315735208524,5.0,9.0,12.0,19.0,33.0,53.0,129.0999999999999
2025-11-16,SE-M,2,2025-11-30,1.0,46.82839199105125,23.522228804745723,6.0,10.0,17.0,29.0,55.0,97.10000000000002,212.1249999999999
2025-11-16,SE-M,3,2025-12-07,1.0,81.0500796035233,36.7954495454072,5.0,12.0,23.0,42.0,99.0,179.0,380.17499999999984
2025-11-16,SE-O,0,2025-11-16,1.0,23.433761415811663,12.667475718221096,5.0,9.0,12.0,17.0,26.0,44.0,88.02499999999998
2025-11-16,SE-O,1,2025-11-23,1.0,25.863876227665568,14.165916168569545,5.0,8.0,12.0,20.0,31.25,48.0,93.0
2025-11-16,SE-O,2,2025-11-30,1.0,33.39673778110121,17.562867709283598,4.975000000000001,8.0,13.0,23.0,41.0,69.10000000000002,124.04999999999995
2025-11-16,SE-O,3,2025-12-07,1.0,48.583687672921485,23.00364587517722,3.0,9.0,16.0,29.0,60.0,111.10000000000002,213.14999999999986
2025-11-23,SE,0,2025-11-23,1.0,144.4741583481439,90.72801424314505,64.0,75.0,87.0,109.0,145.0,221.0,501.025
2025-11-23,SE,1,2025-11-30,1.0,198.283607809808,125.03160782635095,67.975,87.0,112.0,154.5,222.0,336.30000000000007,641.1249999999999
2025-11-23,SE,2,2025-12-07,1.0,295.02593572402617,177.29224498449682,70.975,99.0,144.0,219.5,346.0,560.2,956.3499999999997
2025-11-23,SE,3,2025-12-14,1.0,475.14140108901074,256.438646559865,70.95,111.9,182.0,312.5,579.0,1019.4000000000001,1823.5999999999995
2025-11-23,SE-M,0,2025-11-23,1.0,22.247973702957314,13.160792364624763,5.0,8.0,12.0,16.0,25.0,38.0,82.02499999999998
2025-11-23,SE-M,1,2025-11-30,1.0,33.76758040984096,19.57734750886904,7.0,11.0,16.0,24.0,39.0,64.10000000000002,123.09999999999991
2025-11-23,SE-M,2,2025-12-07,1.0,54.4066696202507,29.40048230017487,7.0,13.0,21.0,34.0,65.0,114.10000000000002,213.0
2025-11-23,SE-M,3,2025-12-14,1.0,90.76455961468122,44.475717872120086,8.0,15.0,27.75,50.5,109.0,212.20000000000005,429.0
2025-11-23,SE-O,0,2025-11-23,1.0,14.777738893795087,8.30036245618981,3.0,5.0,8.0,11.0,17.0,27.0,47.0
2025-11-23,SE-O,1,2025-11-30,1.0,16.351871955971287,9.123527213085502,3.0,5.0,8.0,12.0,20.0,32.10000000000002,53.049999999999955
2025-11-23,SE-O,2,2025-12-07,1.0,19.8339302754288,10.357857703191204,2.0,5.0,8.0,14.0,25.0,41.0,73.02499999999998
2025-11-23,SE-O,3,2025-12-14,1.0,26.32736612208012,12.006098612699304,2.0,4.0,8.0,15.0,33.0,59.0,122.0
2025-11-30,SE,0,2025-11-30,1.0,679.0427095406507,442.4604992730708,326.0,378.0,448.0,530.0,688.0,1083.3000000000002,2035.1
2025-11-30,SE,1,2025-12-07,1.0,1682.8446384890517,1147.6174363002121,637.875,811.9,1051.0,1389.0,1946.0,2721.9,4527.299999999999
2025-11-30,SE,2,2025-12-14,1.0,3622.2210999792155,2610.069742880805,1064.95,1442.8,2066.25,3009.0,4520.75,6472.4000000000015,9610.5
2025-11-30,SE,3,2025-12-21,1.0,6292.169799339428,5083.596093668189,1405.975,2242.2,3425.5,5239.5,8094.0,11655.700000000003,17094.574999999997
2025-11-30,SE-M,0,2025-11-30,1.0,29.504686453564542,18.68358856873096,8.0,12.0,16.0,23.0,34.0,50.10000000000002,97.02499999999998
2025-11-30,SE-M,1,2025-12-07,1.0,48.95474798741399,30.37706210081712,11.0,17.0,24.75,37.0,59.0,91.10000000000002,155.02499999999998
2025-11-30,SE-M,2,2025-12-14,1.0,77.944976691294,45.60890409814099,11.0,19.0,32.0,54.0,96.0,169.10000000000002,297.14999999999986
2025-11-30,SE-M,3,2025-12-21,1.0,120.8025128985133,66.18576460186634,11.975000000000001,21.0,40.0,75.0,152.5,268.20000000000005,501.07499999999993
2025-11-30,SE-O,0,2025-11-30,1.0,24.639242098097537,14.871310014860645,6.0,9.0,14.0,20.0,29.0,43.0,76.04999999999995
2025-11-30,SE-O,1,2025-12-07,1.0,35.57500963093887,20.988504650178967,7.0,11.0,16.0,27.0,43.0,68.10000000000002,115.0
2025-11-30,SE-O,2,2025-12-14,1.0,51.33631480253898,28.027635377440678,6.0,12.0,21.0,34.0,63.0,108.0,198.04999999999995
2025-11-30,SE-O,3,2025-12-21,1.0,76.12379152239524,36.74612330160916,5.975000000000001,12.0,23.0,43.5,89.5,163.0,348.1999999999998
2025-12-07,SE,0,2025-12-07,1.0,1183.6156211974003,848.912840319737,666.95,758.0,861.0,979.0,1223.0,1765.2,3017.325
2025-12-07,SE,1,2025-12-14,1.0,2167.143298101116,1647.218160967615,1008.0,1249.7,1531.75,1915.0,2493.25,3243.6000000000004,4832.674999999998
2025-12-07,SE,2,2025-12-21,1.0,3807.9943439191684,3064.817868188083,1353.7,1796.8,2469.0,3344.0,4585.25,6164.500000000001,8943.3
2025-12-07,SE,3,2025-12-28,1.0,4748.391882962609,4151.7746874727145,1285.45,1824.5,2764.0,4142.0,5960.25,8275.300000000001,12569.65
2025-12-07,SE-M,0,2025-12-07,1.0,48.57694214299653,33.50284599536384,17.0,23.0,30.0,40.0,56.0,77.0,133.02499999999998
2025-12-07,SE-M,1,2025-12-14,1.0,72.22026676817771,49.74419259000788,20.0,28.900000000000006,43.0,60.0,88.0,129.10000000000002,208.0999999999999
2025-12-07,SE-M,2,2025-12-21,1.0,110.4549096297614,73.85374849155197,22.0,34.0,54.75,82.0,138.0,216.10000000000002,369.04999999999995
2025-12-07,SE-M,3,2025-12-28,1.0,135.67763374704896,89.44072048863022,17.975,32.0,55.0,95.0,168.25,292.1,477.17499999999984
2025-12-07,SE-O,0,2025-12-07,1.0,94.08445827177408,62.71738827128051,32.0,47.0,59.0,78.0,109.0,154.10000000000002,251.02499999999998
2025-12-07,SE-O,1,2025-12-14,1.0,160.91671720505158,110.20895832193406,44.0,69.0,94.0,132.0,198.0,283.20000000000005,444.025
2025-12-07,SE-O,2,2025-12-21,1.0,276.56100065156227,193.57598948069082,51.975,91.0,141.0,219.0,343.25,534.2,804.2749999999997
2025-12-07,SE-O,3,2025-12-28,1.0,352.59932962007775,264.72282383394094,47.975,89.9,154.0,269.0,450.25,708.1,1070.0749999999998
2025-12-14,SE,0,2025-12-14,1.0,1482.606785496767,1154.0896185231265,915.975,1027.0,1144.5,1299.5,1566.5,2095.7000000000007,3233.749999999998
2025-12-14,SE,1,2025-12-21,1.0,2136.000116073967,1762.4187659869624,1045.975,1298.0,1598.0,1957.0,2462.5,3118.7000000000003,4100.5
2025-12-14,SE,2,2025-12-28,1.0,2571.688690957666,2230.386697369945,904.875,1302.8,1719.75,2281.5,3140.0,4101.0,5671.624999999999
2025-12-14,SE,3,2026-01-04,1.0,3338.8267277451973,2953.2670889308347,898.95,1364.1000000000001,1981.0,2881.0,4159.0,5762.3,8523.299999999997
2025-12-14,SE-M,0,2025-12-14,1.0,73.87849776890687,55.050252752150335,30.0,41.0,50.0,65.0,86.0,115.0,175.04999999999995
2025-12-14,SE-M,1,2025-12-21,1.0,107.37763668837137,81.12994969350393,35.975,49.0,68.0,91.0,132.0,180.0,277.025
2025-12-14,SE-M,2,2025-12-28,1.0,131.99168584256668,100.24777292449676,32.975,46.900000000000006,71.0,109.0,164.25,241.10000000000002,388.2249999999998
2025-12-14,SE-M,3,2026-01-04,1.0,177.6948942918692,133.75066325187143,32.975,52.0,84.0,135.0,222.25,348.30000000000007,563.0
2025-12-14,SE-O,0,2025-12-14,1.0,127.51186208905644,92.98001982737857,54.95,71.0,88.0,110.0,148.0,200.10000000000002,302.07499999999993
2025-12-14,SE-O,1,2025-12-21,1.0,195.83766367489903,148.60104032869796,53.975,90.0,127.75,171.0,234.0,330.1,465.2999999999997
2025-12-14,SE-O,2,2025-12-28,1.0,250.07612980563118,197.28294640394847,51.95,89.9,139.75,209.0,312.0,460.1,656.0
2025-12-14,SE-O,3,2026-01-04,1.0,337.87367921623377,273.68380579352885,48.0,100.0,164.0,268.0,442.25,647.2,998.4249999999996
2025-12-21,SE,0,2025-12-21,1.0,2485.947742038438,2092.2834348563624,1518.975,1810.9,2022.75,2288.5,2691.0,3353.3,4885.15
2025-12-21,SE,1,2025-12-28,1.0,2951.2451605012516,2684.3008041349594,1360.975,1870.0,2302.0,2776.5,3418.25,4232.3,5268.125
2025-12-21,SE,2,2026-01-04,1.0,3970.750323836699,3735.132886391295,1412.3,2081.4,2861.25,3674.0,4817.75,6300.3,8315.699999999999
2025-12-21,SE,3,2026-01-11,1.0,3039.6490784871103,2969.3617450103366,662.575,1131.8000000000002,1814.0,2662.0,3764.75,5384.2,7678.224999999999
2025-12-21,SE-M,0,2025-12-21,1.0,132.4797053786252,106.62527147187465,63.0,78.0,98.0,121.0,153.25,196.0,269.0
2025-12-21,SE-M,1,2025-12-28,1.0,155.88853915607916,131.09853859740653,57.0,79.9,104.0,140.0,190.0,245.0,347.025
2025-12-21,SE-M,2,2026-01-04,1.0,214.36274035837377,182.34321726845076,60.0,89.9,129.0,185.0,271.0,363.1,534.1249999999999
2025-12-21,SE-M,3,2026-01-11,1.0,172.56477205717388,150.5120812359241,31.0,56.0,87.75,138.5,225.0,327.1,486.1249999999999
2025-12-21,SE-O,0,2025-12-21,1.0,230.68654006863684,183.9685725442972,98.0,138.9,174.0,212.0,262.25,343.0,485.0
2025-12-21,SE-O,1,2025-12-28,1.0,275.40431340108626,235.75294876368764,85.92500000000001,139.0,191.0,252.5,337.25,429.0,586.1249999999999
2025-12-21,SE-O,2,2026-01-04,1.0,379.7472797217871,337.3069519787013,88.82500000000002,155.8,236.75,334.0,478.25,653.5000000000001,942.1249999999999
2025-12-21,SE-O,3,2026-01-11,1.0,301.9085772769036,284.03096041202554,47.0,98.0,162.75,252.0,383.0,562.2,861.2499999999998
2025-12-28,SE,0,2025-12-28,1.0,1666.894366513665,1634.8450748680025,808.925,1246.9,1461.5,1639.0,1859.5,2122.9,2677.0
2025-12-28,SE,1,2026-01-04,1.0,1760.5664363391063,1806.8456797406177,676.65,1166.8000000000002,1453.5,1742.5,2028.0,2404.3,2877.075
2025-12-28,SE,2,2026-01-11,1.0,1081.7497632528107,1167.2822304966214,301.27500000000003,536.9,778.0,1027.5,1322.25,1643.1,2243.774999999999
2025-12-28,SE,3,2026-01-18,1.0,880.0209289349234,944.6740416414848,143.95,287.9,492.5,746.0,1137.25,1528.3000000000002,2510.1499999999996
2025-12-28,SE-M,0,2025-12-28,1.0,145.16309047139012,127.87562074036383,68.975,92.0,112.0,137.0,167.25,205.10000000000002,263.0
2025-12-28,SE-M,1,2026-01-04,1.0,187.22439778441765,169.65252038441653,73.975,108.9,135.0,176.0,223.0,287.0,380.04999999999995
2025-12-28,SE-M,2,2026-01-11,1.0,145.67152878559526,136.49762465458838,37.975,63.0,90.75,129.0,181.0,242.20000000000005,354.025
2025-12-28,SE-M,3,2026-01-18,1.0,141.4968051478819,132.2324013353116,23.0,45.0,71.75,113.0,179.0,273.0,418.0999999999999
2025-12-28,SE-O,0,2025-12-28,1.0,205.31031396289603,184.16496207532387,67.975,130.9,164.0,197.0,240.0,293.0,393.0999999999999
2025-12-28,SE-O,1,2026-01-04,1.0,249.77742569873976,234.0479073128394,62.900000000000006,139.0,188.0,242.5,303.0,377.0,482.025
2025-12-28,SE-O,2,2026-01-11,1.0,184.53020054766654,181.96811893294532,37.925000000000004,73.0,118.0,168.0,234.0,320.0,435.04999999999995
2025-12-28,SE-O,3,2026-01-18,1.0,176.1676680384026,175.34106805087006,21.975,51.900000000000006,88.0,144.5,223.0,341.4000000000001,521.0749999999999
2026-01-04,SE,0,2026-01-04,1.0,1883.783396728128,1933.845890377345,893.525,1344.9,1645.75,1899.0,2130.0,2399.5,2767.1749999999997
2026-01-04,SE,1,2026-01-11,1.0,1182.675026291646,1305.3663558806663,409.725,684.9,962.75,1186.0,1418.25,1639.1,1982.05
2026-01-04,SE,2,2026-01-18,1.0,947.1487063480879,1075.3518234336614,218.775,393.70000000000005,633.75,886.5,1196.5,1559.1,2029.3499999999997
2026-01-04,SE,3,2026-01-25,1.0,1048.0473145474566,1166.0611630989556,140.925,295.0,526.75,859.0,1380.0,1966.2,2937.8499999999995
2026-01-04,SE-M,0,2026-01-04,1.0,204.34682549680394,191.46871953687642,100.0,135.9,166.0,198.5,237.0,279.0,349.0
2026-01-04,SE-M,1,2026-01-11,1.0,166.36904545240535,165.37766071561958,58.975,92.0,124.0,159.0,198.25,248.0,331.025
2026-01-04,SE-M,2,2026-01-18,1.0,162.0875845055114,164.1842892816157,37.975,66.9,98.0,145.0,203.25,276.20000000000005,399.0
2026-01-04,SE-M,3,2026-01-25,1.0,209.25744967388647,209.51563968188475,26.950000000000003,58.900000000000006,98.0,164.5,268.25,419.4000000000001,643.0749999999999
2026-01-04,SE-O,0,2026-01-04,1.0,151.89291653170244,154.1528958410388,34.0,92.0,123.0,151.0,182.25,216.0,274.0
2026-01-04,SE-O,1,2026-01-11,1.0,93.48166806740302,101.34793204633588,15.975000000000001,46.0,67.75,91.0,115.0,145.0,189.07499999999993
2026-01-04,SE-O,2,2026-01-18,1.0,74.73143823855996,82.35727146366135,8.0,25.0,44.0,67.0,95.0,131.0,191.04999999999995
2026-01-04,SE-O,3,2026-01-25,1.0,83.53837281070882,88.92461895434704,5.975000000000001,19.0,36.0,63.0,108.0,165.30000000000007,289.0
2026-01-11,SE,0,2026-01-11,1.0,1581.8183197530354,1705.6086010870647,673.7,1097.8000000000002,1409.5,1623.5,1821.0,1985.1,2218.4999999999995
2026-01-11,SE,1,2026-01-18,1.0,1499.5914860287066,1705.4300250296567,436.975,802.0,1159.25,1496.0,1829.75,2187.2,2648.2749999999996
2026-01-11,SE,2,2026-01-25,1.0,1840.583220688826,2122.410066673314,331.875,688.0,1114.5,1664.0,2369.0,3186.5000000000005,4254.45
2026-01-11,SE,3,2026-02-01,1.0,2358.3755954418752,2658.7336617566225,254.95,601.8,1098.25,1912.0,3093.25,4795.3,6929.025
2026-01-11,SE-M,0,2026-01-11,1.0,163.5102859710509,167.6252987257712,70.0,104.0,134.0,162.0,191.0,223.0,266.0999999999999
2026-01-11,SE-M,1,2026-01-18,1.0,162.42107190109965,173.6287954281491,45.0,82.0,114.0,156.0,199.0,256.1,327.0999999999999
2026-01-11,SE-M,2,2026-01-25,1.0,207.83738891699753,223.31688377315422,30.975,70.9,116.0,181.5,270.0,375.1,544.0999999999999
2026-01-11,SE-M,3,2026-02-01,1.0,273.2070880081613,287.7822992478406,24.975,65.0,119.0,217.0,358.25,555.1,844.2499999999998
2026-01-11,SE-O,0,2026-01-11,1.0,222.5728701100238,228.93728278085237,54.925000000000004,134.9,178.75,223.0,268.0,314.20000000000005,376.0
2026-01-11,SE-O,1,2026-01-18,1.0,253.28636782029142,274.6689690217317,38.975,111.0,172.0,236.0,317.0,408.1,542.05
2026-01-11,SE-O,2,2026-01-25,1.0,358.35186561950803,396.00822288661766,39.975,113.0,192.0,309.0,464.5,665.1,951.1999999999998
2026-01-11,SE-O,3,2026-02-01,1.0,481.6504167297841,533.6728773899913,33.975,107.9,206.0,377.0,629.0,982.2,1517.225
2026-01-18,SE,0,2026-01-18,1.0,1247.1477579890322,1488.1514736155336,433.92500000000007,806.8,1085.0,1298.5,1460.0,1611.1,1754.1499999999999
2026-01-18,SE,1,2026-01-25,1.0,1502.7555558973543,1880.7128632153629,370.52500000000003,761.4000000000001,1112.0,1479.0,1869.5,2339.0,2683.3499999999995
2026-01-18,SE,2,2026-02-01,1.0,1771.3230849071958,2220.8148221626548,298.825,673.4000000000001,1047.5,1601.0,2284.25,3170.0,4195.424999999998
2026-01-18,SE,3,2026-02-08,1.0,1889.8228962827586,2291.1213171680192,228.975,530.9,907.75,1499.5,2518.25,3704.3000000000006,5474.5
2026-01-18,SE-M,0,2026-01-18,1.0,115.40086910466778,132.18283397497382,35.975,66.9,90.75,115.0,140.0,164.0,196.0
2026-01-18,SE-M,1,2026-01-25,1.0,142.35878392687803,168.05998065152116,30.875000000000007,62.0,93.0,133.0,181.25,233.0,304.04999999999995
2026-01-18,SE-M,2,2026-02-01,1.0,173.2251226431965,201.58119830988636,24.0,53.0,90.75,150.5,222.0,333.1,458.27499999999975
2026-01-18,SE-M,3,2026-02-08,1.0,188.92455730321558,210.49156378379857,14.0,43.900000000000006,79.0,144.5,254.25,393.0,620.0749999999999
2026-01-18,SE-O,0,2026-01-18,1.0,327.91976636041676,367.870195934118,65.0,188.9,266.0,332.0,395.0,454.0,544.025
2026-01-18,SE-O,1,2026-01-25,1.0,557.4778691115223,656.6988904567575,82.975,230.0,363.75,528.5,713.0,900.1,1201.125
2026-01-18,SE-O,2,2026-02-01,1.0,740.1886638259967,874.7760495141573,101.975,239.8,404.5,666.0,972.25,1373.8000000000002,1830.1749999999997
2026-01-18,SE-O,3,2026-02-08,1.0,732.6433087284374,838.008315704906,91.775,202.0,362.75,602.0,981.0,1377.4,2000.5999999999995
2026-01-25,SE,0,2026-01-25,1.0,734.465650452677,990.617523872221,212.9,403.9,597.0,762.5,898.0,1002.1,1123.05
2026-01-25,SE,1,2026-02-01,1.0,586.7186658846389,816.6479882571317,132.0,279.9,418.0,581.5,743.25,884.1,1101.5749999999994
2026-01-25,SE,2,2026-02-08,1.0,471.63183430001504,655.4363042929004,83.0,186.0,288.0,423.5,616.25,811.2,1086.9999999999982
2026-01-25,SE,3,2026-02-15,1.0,381.8616734332331,513.0387045366913,56.0,117.9,189.0,306.0,494.0,722.1,1148.025
2026-01-25,SE-M,0,2026-01-25,1.0,128.72167273273902,158.112774146425,36.975,69.0,100.0,129.0,158.0,188.10000000000002,217.02499999999998
2026-01-25,SE-M,1,2026-02-01,1.0,143.413207949008,179.30354078927743,27.950000000000003,62.0,95.0,135.5,180.25,237.0,311.0
2026-01-25,SE-M,2,2026-02-08,1.0,152.67006249468082,186.47578721478502,23.950000000000003,49.0,82.75,130.0,203.25,280.0,400.2249999999998
2026-01-25,SE-M,3,2026-02-15,1.0,151.31660960414493,176.23719219033165,17.0,36.900000000000006,68.0,118.0,197.0,295.20000000000005,493.0999999999999
2026-01-25,SE-O,0,2026-01-25,1.0,161.7214196980299,217.6658279530492,33.95,79.9,114.0,159.5,207.0,247.10000000000002,298.025
2026-01-25,SE-O,1,2026-02-01,1.0,155.2801467932531,212.39564939494156,25.0,61.900000000000006,95.0,143.0,200.25,263.20000000000005,362.0999999999999
2026-01-25,SE-O,2,2026-02-08,1.0,143.13353924155493,190.40327757438422,18.975,44.0,73.0,122.5,186.25,266.1,405.39999999999964
2026-01-25,SE-O,3,2026-02-15,1.0,125.45313998053585,157.38789822197248,14.975000000000001,30.0,52.0,91.5,163.0,265.1,412.04999999999995
2026-02-01,SE,0,2026-02-01,1.0,563.71573856323,795.6678354409688,132.925,302.6,440.5,584.0,699.0,787.1,887.05
2026-02-01,SE,1,2026-02-08,1.0,446.9554965214577,645.5361588745635,92.975,207.8,313.0,446.5,567.0,680.0,846.025
2026-02-01,SE,2,2026-02-15,1.0,348.1805778459079,501.07860973703595,61.0,139.0,215.0,321.5,445.0,590.1,843.0999999999999
2026-02-01,SE,3,2026-02-22,1.0,262.47012522471147,365.27125817301095,35.0,83.9,139.0,220.0,338.0,479.1,798.05
2026-02-01,SE-M,0,2026-02-01,1.0,112.95914326446764,149.28503831250478,27.975,59.900000000000006,85.0,113.0,141.25,167.0,201.02499999999998
2026-02-01,SE-M,1,2026-02-08,1.0,112.51301174740351,149.6659065510503,22.0,47.0,72.0,106.0,144.25,187.0,241.04999999999995
2026-02-01,SE-M,2,2026-02-15,1.0,103.90790170509726,134.84966806853564,14.0,37.0,59.0,89.0,132.0,185.0,269.1999999999998
2026-02-01,SE-M,3,2026-02-22,1.0,89.20442537050174,110.10747126630216,9.0,23.900000000000006,42.0,71.0,116.0,174.0,287.025
2026-02-01,SE-O,0,2026-02-01,1.0,88.22604214230913,125.8868136032484,17.0,43.0,62.0,87.0,113.0,138.0,171.0
2026-02-01,SE-O,1,2026-02-08,1.0,68.66299586476536,96.9028371202838,14.0,30.0,44.0,63.0,85.25,117.0,149.02499999999998
2026-02-01,SE-O,2,2026-02-15,1.0,50.70270953197865,68.70936435584156,9.0,18.0,28.0,44.0,66.0,98.20000000000005,136.02499999999998
2026-02-01,SE-O,3,2026-02-22,1.0,33.56170318127287,42.538016602525964,4.0,10.0,16.0,26.0,44.0,68.0,107.0
2026-02-08,SE,0,2026-02-08,1.0,869.4386495499048,1243.4046242714282,141.95,402.0,675.75,912.0,1098.0,1245.2,1402.05
2026-02-08,SE,1,2026-02-15,1.0,966.1216060806347,1408.4196508699886,134.95,388.30000000000007,673.75,960.5,1243.75,1511.1,1911.1749999999997
2026-02-08,SE,2,2026-02-22,1.0,944.7848837104987,1361.369645568276,108.82500000000002,326.0,575.5,866.0,1226.0,1660.2,2250.25
2026-02-08,SE,3,2026-03-01,1.0,813.1100230605181,1129.2270153097468,74.975,220.8,436.0,681.0,1078.75,1577.1,2257.3499999999995
2026-02-08,SE-M,0,2026-02-08,1.0,157.10682654314184,208.95857045440326,32.0,80.0,118.0,159.0,194.0,235.10000000000002,276.0
2026-02-08,SE-M,1,2026-02-15,1.0,166.2768058242538,220.92927425233535,28.950000000000003,72.0,113.75,157.0,208.0,269.1,345.07499999999993
2026-02-08,SE-M,2,2026-02-22,1.0,153.11638931796367,197.07266942979103,23.0,55.900000000000006,92.0,135.0,199.0,273.1,367.0
2026-02-08,SE-M,3,2026-03-01,1.0,115.07770973938852,140.25375231679217,15.0,35.0,61.0,95.5,149.0,224.0,302.07499999999993
2026-02-08,SE-O,0,2026-02-08,1.0,124.06712644541487,181.4451231031917,19.975,57.0,85.0,119.0,156.0,194.10000000000002,243.04999999999995
2026-02-08,SE-O,1,2026-02-15,1.0,115.69598805490676,168.44744313113353,15.0,45.900000000000006,70.75,106.0,150.0,193.0,259.025
2026-02-08,SE-O,2,2026-02-22,1.0,89.61537361119136,126.00087641362413,11.0,29.0,49.0,75.0,118.0,168.10000000000002,225.07499999999993
2026-02-08,SE-O,3,2026-03-01,1.0,62.329166267070455,82.14777673347182,6.0,16.0,28.0,50.0,83.0,128.0,194.02499999999998
2026-02-15,SE,0,2026-02-15,1.0,1266.4393241846806,1866.1238661245295,157.875,539.5,992.5,1340.5,1610.5,1819.0,2009.0749999999998
2026-02-15,SE,1,2026-02-22,1.0,1442.91100537145,2141.100768877523,150.65000000000003,561.5,1039.75,1460.5,1849.25,2291.1,2693.075
2026-02-15,SE,2,2026-03-01,1.0,1342.0403545105453,1945.8271624578506,120.0,456.1,854.0,1265.5,1727.75,2271.1,2921.5999999999995
2026-02-15,SE,3,2026-03-08,1.0,1097.8506467034756,1509.702619661137,84.975,326.0,624.5,981.0,1429.0,2057.1,2832.125
2026-02-15,SE-M,0,2026-02-15,1.0,173.673081337583,236.1460961144734,28.0,86.0,133.75,176.0,214.0,252.10000000000002,295.025
2026-02-15,SE-M,1,2026-02-22,1.0,163.51286210500257,219.80982163155568,28.975,74.0,114.0,157.0,206.25,265.0,315.07499999999993
2026-02-15,SE-M,2,2026-03-01,1.0,122.89931978627769,158.8045112986802,19.0,49.0,77.0,112.5,156.25,215.10000000000002,264.07499999999993
2026-02-15,SE-M,3,2026-03-08,1.0,82.60818890405405,99.10051355012037,11.0,26.0,44.75,71.0,106.0,153.0,217.0
2026-02-15,SE-O,0,2026-02-15,1.0,157.5775865976242,233.7956207191666,20.975,68.9,109.0,154.0,203.0,247.0,309.0
2026-02-15,SE-O,1,2026-02-22,1.0,138.67963283449689,203.13313431921063,15.975000000000001,53.0,87.0,130.0,180.0,237.0,292.1249999999999
2026-02-15,SE-O,2,2026-03-01,1.0,104.28488128836537,146.23328704904415,10.0,33.0,58.0,89.0,137.0,193.10000000000002,259.04999999999995
2026-02-15,SE-O,3,2026-03-08,1.0,79.55133943154823,103.80334011995173,9.0,21.0,38.0,63.0,107.0,159.10000000000002,227.02499999999998
2026-02-22,SE,0,2026-02-22,1.0,1155.6647479992905,1745.5463583571589,158.0,461.70000000000005,869.0,1228.0,1488.0,1664.4,1864.1999999999998
2026-02-22,SE,1,2026-03-01,1.0,1053.1980436034771,1572.8578709386359,120.0,403.1,756.0,1068.0,1360.5,1617.3000000000002,1932.0
2026-02-22,SE,2,2026-03-08,1.0,796.3835910622976,1144.4586002478666,88.975,302.9,519.75,769.5,1030.25,1302.2,1731.1749999999997
2026-02-22,SE,3,2026-03-15,1.0,560.9827084073825,750.993480306806,55.95,189.9,320.75,515.0,735.75,983.2,1388.3249999999998
2026-02-22,SE-M,0,2026-02-22,1.0,153.7936809389529,208.97097259164423,27.975,83.9,122.0,155.5,188.0,225.0,256.0
2026-02-22,SE-M,1,2026-03-01,1.0,117.72588872108125,156.1224980777664,19.0,56.0,85.0,113.5,148.0,183.10000000000002,226.0
2026-02-22,SE-M,2,2026-03-08,1.0,77.97279034487674,97.81515032598811,11.0,33.0,49.0,71.0,100.0,128.10000000000002,176.0
2026-02-22,SE-M,3,2026-03-15,1.0,53.73698138771051,61.67313996490282,7.975000000000001,18.0,29.0,47.0,70.0,99.0,143.02499999999998
2026-02-22,SE-O,0,2026-02-22,1.0,177.56200181456447,264.53340651158106,19.0,71.0,126.0,177.0,230.25,279.1,340.025
2026-02-22,SE-O,1,2026-03-01,1.0,157.17111754544143,228.2502406060173,16.975,58.900000000000006,103.0,148.0,207.0,264.20000000000005,333.0999999999999
2026-02-22,SE-O,2,2026-03-08,1.0,130.23608726287748,179.38936557333307,14.0,43.0,74.0,115.0,171.0,240.0,319.1249999999999
2026-02-22,SE-O,3,2026-03-15,1.0,101.17721417214211,128.37989478103748,10.975000000000001,29.0,49.75,84.0,134.0,188.0,288.07499999999993
2026-03-01,SE,0,2026-03-01,1.0,889.5983069238652,1264.698116143636,134.925,426.1,714.75,962.5,1105.25,1226.2,1350.1
2026-03-01,SE,1,2026-03-08,1.0,618.7319938091579,849.6946636615369,89.92500000000001,284.9,488.75,641.5,777.25,894.2,1031.0749999999998
2026-03-01,SE,2,2026-03-15,1.0,391.13184764526966,505.08810482797077,46.975,166.0,272.0,385.0,498.25,605.0,783.05
2026-03-01,SE,3,2026-03-22,1.0,244.59869207237452,287.42423729212805,23.925000000000004,91.0,148.0,229.0,315.0,415.0,557.1499999999999
2026-03-01,SE-M,0,2026-03-01,1.0,108.3004310558561,141.73397694080478,18.975,61.0,87.0,110.0,132.0,154.10000000000002,179.0
2026-03-01,SE-M,1,2026-03-08,1.0,71.27985916359196,89.39247532758452,11.0,36.0,53.0,71.0,89.0,107.0,131.02499999999998
2026-03-01,SE-M,2,2026-03-15,1.0,47.024962791642395,54.93562312971027,8.975000000000001,21.0,30.0,44.0,60.0,77.10000000000002,100.04999999999995
2026-03-01,SE-M,3,2026-03-22,1.0,30.4559811590991,32.1610099136132,4.0,10.0,17.0,26.0,39.25,56.0,80.04999999999995
2026-03-01,SE-O,0,2026-03-01,1.0,155.91624106606434,229.89597579113018,15.950000000000003,65.9,112.0,157.0,201.25,243.0,293.025
2026-03-01,SE-O,1,2026-03-08,1.0,133.5801817022237,189.72630445559832,13.975000000000001,52.900000000000006,87.0,129.0,171.0,220.0,280.025
2026-03-01,SE-O,2,2026-03-15,1.0,103.4786156055129,137.43182942019277,9.975000000000001,35.900000000000006,61.0,93.0,135.0,180.10000000000002,244.0
2026-03-01,SE-O,3,2026-03-22,1.0,74.78151452027518,89.90415099867252,7.0,22.0,39.0,65.0,100.0,139.0,210.0
2026-03-08,SE,0,2026-03-08,1.0,599.3845483551439,808.0621826767858,87.92500000000001,289.8,505.0,649.0,740.0,807.0,885.025
2026-03-08,SE,1,2026-03-15,1.0,345.6098292388704,443.9807937100536,45.975,167.9,280.0,358.5,430.25,487.0,563.0
2026-03-08,SE,2,2026-03-22,1.0,204.4873286635417,242.95806576719514,24.975,93.9,143.0,202.0,255.0,313.0,411.025
2026-03-08,SE,3,2026-03-29,1.0,125.93958236023911,133.98055616560805,11.975000000000001,47.0,76.75,115.0,160.25,217.0,317.025
2026-03-08,SE-M,0,2026-03-08,1.0,74.70981852260168,95.8970554425039,11.0,40.0,59.0,76.0,92.0,105.0,123.0
2026-03-08,SE-M,1,2026-03-15,1.0,46.10541781480488,56.480868099399906,7.0,22.0,33.0,46.0,58.0,70.0,86.0
2026-03-08,SE-M,2,2026-03-22,1.0,29.337690288249593,33.27713252473043,4.0,12.0,18.0,27.0,38.0,51.0,69.0
2026-03-08,SE-M,3,2026-03-29,1.0,19.117475650010565,19.451431324864625,2.0,5.0,10.0,16.0,24.0,35.0,53.02499999999998
2026-03-08,SE-O,0,2026-03-08,1.0,101.9305339141648,141.43959982499615,12.975000000000001,46.0,76.0,104.0,128.0,153.0,182.0
2026-03-08,SE-O,1,2026-03-15,1.0,66.12253246395633,86.67291916365423,6.975000000000001,28.0,45.0,63.0,85.0,105.0,131.02499999999998
2026-03-08,SE-O,2,2026-03-22,1.0,42.68374023516557,51.02601269660839,5.0,15.0,25.0,40.0,57.0,73.0,101.0
2026-03-08,SE-O,3,2026-03-29,1.0,27.933577998768598,29.406187212020964,2.0,8.0,14.0,23.0,37.0,52.0,82.02499999999998
2026-03-15,SE,0,2026-03-15,1.0,324.51181103249047,405.7716578186842,48.925000000000004,162.9,279.75,349.0,392.0,428.0,471.025
2026-03-15,SE,1,2026-03-22,1.0,172.87018042255835,202.04169836834768,29.0,90.9,136.0,174.0,209.0,248.10000000000002,296.0999999999999
2026-03-15,SE,2,2026-03-29,1.0,98.20518235543099,104.03525385952211,10.0,44.900000000000006,67.0,92.5,120.25,156.10000000000002,213.07499999999993
2026-03-15,SE,3,2026-04-05,1.0,55.85762740091522,51.84672668256368,5.0,21.0,31.0,47.0,69.0,98.0,154.0
2026-03-15,SE-M,0,2026-03-15,1.0,35.13078291378566,40.810855617489814,7.975000000000001,20.0,27.0,35.0,43.0,51.0,59.0
2026-03-15,SE-M,1,2026-03-22,1.0,19.043300713681493,20.561738674711503,2.0,9.0,13.0,18.0,24.0,30.0,40.02499999999998
2026-03-15,SE-M,2,2026-03-29,1.0,10.812891761544426,10.509708039236232,1.0,4.0,6.0,10.0,14.0,19.0,28.0
2026-03-15,SE-M,3,2026-04-05,1.0,6.132331190635033,5.18981620134437,0.0,1.0,3.0,5.0,8.0,12.0,19.0
2026-03-15,SE-O,0,2026-03-15,1.0,64.84916935138882,85.6823223611097,7.975000000000001,29.0,49.0,64.0,82.0,97.0,117.02499999999998
2026-03-15,SE-O,1,2026-03-22,1.0,39.288898725827124,48.23004270751229,4.975000000000001,16.0,27.0,37.0,50.0,62.0,80.0
2026-03-15,SE-O,2,2026-03-29,1.0,24.64096830344433,27.1410634024881,2.0,8.0,14.0,22.0,32.0,43.0,63.0
2026-03-15,SE-O,3,2026-04-05,1.0,15.171674931198856,14.482235152468531,1.0,4.0,7.0,12.0,20.0,30.0,50.0
2026-03-22,SE,0,2026-03-22,1.0,200.45461310831143,251.37484794016515,21.0,93.9,167.0,213.5,247.0,275.0,310.025
2026-03-22,SE,1,2026-03-29,1.0,119.4617402497394,139.500204240991,10.0,52.0,90.0,119.0,148.0,180.0,221.02499999999998
2026-03-22,SE,2,2026-04-05,1.0,72.06781874904037,76.0222906586276,4.0,29.0,46.0,67.0,92.0,121.0,179.0
2026-03-22,SE,3,2026-04-12,1.0,52.730951493913174,48.694321015485954,3.0,16.900000000000006,28.0,45.0,66.25,97.10000000000002,152.02499999999998
2026-03-22,SE-M,0,2026-03-22,1.0,15.387735683802736,16.02207891435211,3.0,8.0,11.0,15.0,19.0,23.0,31.0
2026-03-22,SE-M,1,2026-03-29,1.0,7.704401601537844,7.268745509223601,1.0,3.0,5.0,7.0,10.0,14.0,21.0
2026-03-22,SE-M,2,2026-04-05,1.0,3.948432619938636,3.2615355626309164,0.0,1.0,2.0,3.0,5.0,8.0,13.0
2026-03-22,SE-M,3,2026-04-12,1.0,2.4054286682159467,1.694131458488719,0.0,0.0,1.0,2.0,3.0,5.0,9.0
2026-03-22,SE-O,0,2026-03-22,1.0,36.348226881635334,44.286950174972425,4.0,16.0,27.0,36.0,45.25,54.0,67.02499999999998
2026-03-22,SE-O,1,2026-03-29,1.0,21.045654436224318,23.338206860152738,2.0,8.0,14.0,19.0,27.0,35.0,52.0
2026-03-22,SE-O,2,2026-04-05,1.0,12.203235185654167,11.884595072656616,1.0,3.0,6.75,10.0,15.0,22.100000000000023,35.02499999999998
2026-03-22,SE-O,3,2026-04-12,1.0,8.662437355192049,7.1318431204143575,0.0,1.0,4.0,7.0,11.0,17.0,28.024999999999977
2026-03-29,SE,0,2026-03-29,1.0,157.7658337268699,197.44559088329035,11.0,66.0,127.0,167.0,197.0,222.0,255.0
2026-03-29,SE,1,2026-04-05,1.0,104.99313731095931,122.33093915139004,6.0,40.900000000000006,77.0,104.0,131.0,162.0,211.0
2026-03-29,SE,2,2026-04-12,1.0,84.55283250459975,89.04966158052368,4.0,28.0,54.0,78.0,109.0,143.0,208.07499999999993
2026-03-29,SE,3,2026-04-19,1.0,55.06542717525696,50.314103658945356,2.9750000000000014,15.0,27.75,46.0,68.25,101.10000000000002,166.14999999999986
2026-03-29,SE-M,0,2026-03-29,1.0,9.966635401838554,10.122161532922009,1.0,4.0,6.0,9.0,13.0,16.0,23.024999999999977
2026-03-29,SE-M,1,2026-04-05,1.0,5.500489907974183,5.014337531177995,0.0,1.0,3.0,5.0,7.0,10.0,15.0
2026-03-29,SE-M,2,2026-04-12,1.0,3.5167965596769846,2.7951936982001273,0.0,0.0,1.0,3.0,5.0,7.0,12.0
2026-03-29,SE-M,3,2026-04-19,1.0,1.9210693966822505,1.2781323558689928,0.0,0.0,0.0,1.0,2.0,4.0,8.0
2026-03-29,SE-O,0,2026-03-29,1.0,22.313689426120465,25.81314882015805,2.9750000000000014,9.0,15.0,22.0,29.0,35.10000000000002,47.0
2026-03-29,SE-O,1,2026-04-05,1.0,12.840321168632208,13.351652347488795,1.0,4.0,7.0,11.0,16.0,23.0,33.0
2026-03-29,SE-O,2,2026-04-12,1.0,9.073843176822779,8.16747198340536,0.0,2.0,4.0,7.0,11.0,16.0,28.024999999999977
2026-03-29,SE-O,3,2026-04-19,1.0,5.155488268387897,3.8245663724119394,0.0,1.0,2.0,4.0,6.0,10.0,18.0
2026-04-05,SE,0,2026-04-05,1.0,118.5970545403544,143.34074208566028,7.0,46.0,94.75,123.0,146.0,168.0,209.0
2026-04-05,SE,1,2026-04-12,1.0,98.34082234224701,109.97191852691194,5.0,37.0,70.0,97.0,124.0,153.0,207.04999999999995
2026-04-05,SE,2,2026-04-19,1.0,65.91341342813391,65.86338207856679,3.0,20.0,40.0,60.0,83.0,113.0,168.0
2026-04-05,SE,3,2026-04-26,1.0,48.324687419888676,41.453852246231385,2.0,12.0,23.0,38.0,59.0,91.10000000000002,158.1249999999999
2026-04-05,SE-M,0,2026-04-05,1.0,7.274496482019082,7.11848595100823,1.0,2.0,4.0,7.0,9.0,12.0,19.0
2026-04-05,SE-M,1,2026-04-12,1.0,4.945786163752377,4.312685628455232,0.0,1.0,2.0,4.0,6.0,10.0,16.0
2026-04-05,SE-M,2,2026-04-19,1.0,2.8479501308190054,2.1198084090614966,0.0,0.0,1.0,2.0,4.0,6.0,10.0
2026-04-05,SE-M,3,2026-04-26,1.0,1.9690573677126453,1.2169895475849126,0.0,0.0,0.0,1.0,3.0,5.0,8.0
2026-04-05,SE-O,0,2026-04-05,1.0,16.715391723098364,18.962061539378197,1.0,6.0,11.0,16.0,21.0,28.0,37.02499999999998
2026-04-05,SE-O,1,2026-04-12,1.0,12.590611473534517,12.757806066169962,0.0,3.0,7.0,11.0,16.0,22.0,36.0
2026-04-05,SE-O,2,2026-04-19,1.0,7.582155616874177,6.578393814681758,0.0,1.0,3.0,6.0,10.0,14.0,24.0
2026-04-05,SE-O,3,2026-04-26,1.0,4.99450511820484,3.5607848697653237,0.0,0.0,2.0,3.0,6.0,10.0,20.024999999999977
2026-04-12,SE,0,2026-04-12,1.0,133.00323467082984,155.78300227663257,6.0,48.0,103.0,139.0,163.0,193.0,240.0
2026-04-12,SE,1,2026-04-19,1.0,101.15760149965718,108.82273565432016,5.0,33.0,66.0,96.5,124.0,161.0,226.04999999999995
2026-04-12,SE,2,2026-04-26,1.0,82.62036484375061,78.94405483637024,3.0,25.0,45.75,70.0,102.0,145.0,237.27499999999975
2026-04-12,SE,3,2026-05-03,1.0,69.50602401820727,56.87155754094075,2.9750000000000014,15.0,29.0,50.0,83.0,137.0,253.17499999999984
2026-04-12,SE-M,0,2026-04-12,1.0,6.080362309994312,5.595246679370627,0.0,2.0,3.0,5.0,8.0,11.0,15.0
2026-04-12,SE-M,1,2026-04-19,1.0,3.6345805153378787,2.915618273963343,0.0,1.0,1.0,3.0,5.0,8.0,12.0
2026-04-12,SE-M,2,2026-04-26,1.0,2.579410600239207,1.743784380543659,0.0,0.0,1.0,2.0,3.0,6.0,10.024999999999977
2026-04-12,SE-M,3,2026-05-03,1.0,1.9011919730932114,1.0657880849119872,0.0,0.0,0.0,1.0,2.0,4.0,9.0
2026-04-12,SE-O,0,2026-04-12,1.0,14.319509650770138,15.247066281459807,0.0,4.0,8.0,13.0,18.0,24.0,33.02499999999998
2026-04-12,SE-O,1,2026-04-19,1.0,8.886014354971536,8.310469431209528,0.0,2.0,4.0,7.0,11.0,17.0,25.0
2026-04-12,SE-O,2,2026-04-26,1.0,5.959384663107123,4.711709484355323,0.0,1.0,2.0,4.0,7.0,11.0,23.0
2026-04-12,SE-O,3,2026-05-03,1.0,4.1978319312659425,2.7002411405274347,0.0,0.0,1.0,3.0,5.0,8.100000000000023,18.0
2026-04-19,SE,0,2026-04-19,1.0,114.88446085656662,128.1501956386159,4.975000000000001,39.0,84.0,116.0,142.0,170.0,227.0
2026-04-19,SE,1,2026-04-26,1.0,98.92566713371899,100.96938931849596,4.0,31.0,64.0,92.0,120.0,159.0,239.0999999999999
2026-04-19,SE,2,2026-05-03,1.0,85.61118261183366,77.90263571704705,4.0,23.0,43.0,71.0,104.25,154.0,268.1249999999999
2026-04-19,SE,3,2026-05-10,1.0,86.79984182364869,68.78520192935859,4.0,19.0,35.0,61.0,101.0,170.10000000000002,346.0999999999999
2026-04-19,SE-M,0,2026-04-19,1.0,4.598668992804298,3.8905634222056786,0.0,1.0,2.0,4.0,6.0,9.0,14.0
2026-04-19,SE-M,1,2026-04-26,1.0,3.493515196428285,2.533230520501533,0.0,0.0,1.0,3.0,5.0,8.0,12.024999999999977
2026-04-19,SE-M,2,2026-05-03,1.0,2.6712459430497124,1.6227148120118182,0.0,0.0,1.0,2.0,3.0,5.0,12.0
2026-04-19,SE-M,3,2026-05-10,1.0,2.4126554818262407,1.2077923124585028,0.0,0.0,0.0,1.0,3.0,5.0,12.0
2026-04-19,SE-O,0,2026-04-19,1.0,13.21067127537879,13.415705698629447,0.0,3.0,7.75,12.0,17.0,23.0,35.02499999999998
2026-04-19,SE-O,1,2026-04-26,1.0,9.821168819925914,8.75707624951081,0.0,2.0,4.0,8.0,12.0,18.0,34.0
2026-04-19,SE-O,2,2026-05-03,1.0,7.504841366747045,5.684712910283483,0.0,1.0,3.0,5.0,9.0,15.0,29.024999999999977
2026-04-19,SE-O,3,2026-05-10,1.0,7.0221377233929525,4.350206115575931,0.0,1.0,2.0,4.0,8.0,14.0,29.0
2026-04-26,SE,0,2026-04-26,1.0,75.97880835540357,78.46915185785667,3.0,25.0,53.0,72.0,91.0,112.10000000000002,168.02499999999998
2026-04-26,SE,1,2026-05-03,1.0,56.4203349969571,53.20567919792743,3.0,16.0,34.0,50.0,67.0,92.10000000000002,147.04999999999995
2026-04-26,SE,2,2026-05-10,1.0,50.68870253720472,42.73588964624977,3.0,14.900000000000006,26.0,40.0,59.0,89.0,154.02499999999998
2026-04-26,SE,3,2026-05-17,1.0,38.77781468609777,28.318257459832964,2.0,9.0,16.0,26.0,44.25,76.0,145.02499999999998
2026-04-26,SE-M,0,2026-04-26,1.0,5.014853573044761,3.877660365386153,0.0,1.0,2.0,4.0,6.0,9.0,18.0
2026-04-26,SE-M,1,2026-05-03,1.0,4.068828340458307,2.6912750249551163,0.0,0.0,1.0,3.0,5.0,8.0,16.0
2026-04-26,SE-M,2,2026-05-10,1.0,3.842212468133074,2.1191951671723177,0.0,0.0,1.0,2.0,4.0,8.0,18.0
2026-04-26,SE-M,3,2026-05-17,1.0,3.173447740240269,1.4327030585299554,0.0,0.0,0.0,2.0,3.0,7.0,18.024999999999977
2026-04-26,SE-O,0,2026-04-26,1.0,9.089669341102802,8.444463626926563,0.0,2.0,4.0,8.0,11.0,16.100000000000023,27.024999999999977
2026-04-26,SE-O,1,2026-05-03,1.0,6.556170176964117,5.312586141712351,0.0,1.0,3.0,5.0,8.0,13.0,22.0
2026-04-26,SE-O,2,2026-05-10,1.0,5.886824152722649,4.002391173042904,0.0,1.0,2.0,4.0,7.0,12.0,23.0
2026-04-26,SE-O,3,2026-05-17,1.0,4.586913765512865,2.484819241266586,0.0,0.0,1.0,2.0,5.0,10.0,22.0
2026-05-03,SE,0,2026-05-03,1.0,62.62891830779438,60.992080400671924,3.0,20.0,41.0,57.0,73.0,93.0,159.04999999999995
2026-05-03,SE,1,2026-05-10,1.0,57.448010574050876,51.33086829089917,3.9750000000000014,17.900000000000006,32.0,48.0,68.0,94.0,167.02499999999998
2026-05-03,SE,2,2026-05-17,1.0,44.69655170650927,35.735992638536445,3.0,11.0,21.0,33.0,52.0,80.0,147.19999999999982
2026-05-03,SE,3,2026-05-24,1.0,36.94275944926794,25.93730952356108,2.0,8.0,14.0,25.0,43.0,75.0,149.14999999999986
2026-05-03,SE-M,0,2026-05-03,1.0,4.869715802037634,3.4413646031843137,0.0,1.0,2.0,3.0,6.0,9.0,21.024999999999977
2026-05-03,SE-M,1,2026-05-10,1.0,4.647414157495822,2.8205589641179873,0.0,0.0,1.0,3.0,5.0,9.0,20.024999999999977
2026-05-03,SE-M,2,2026-05-17,1.0,3.869609192410657,1.9775295141650693,0.0,0.0,1.0,2.0,4.0,7.0,21.0
2026-05-03,SE-M,3,2026-05-24,1.0,3.3974182060014013,1.4595917929629485,0.0,0.0,0.0,1.5,4.0,7.0,20.024999999999977
2026-05-03,SE-O,0,2026-05-03,1.0,5.745017237194763,4.796110491060186,0.0,1.0,2.0,4.0,7.0,11.0,18.024999999999977
2026-05-03,SE-O,1,2026-05-10,1.0,4.944460873002899,3.528273560634326,0.0,0.0,2.0,3.0,6.0,9.0,20.049999999999955
2026-05-03,SE-O,2,2026-05-17,1.0,3.691561163287102,2.1452180246700707,0.0,0.0,1.0,2.0,4.0,8.0,16.024999999999977
2026-05-03,SE-O,3,2026-05-24,1.0,3.0395517921938184,1.411806247099501,0.0,0.0,0.0,2.0,3.25,6.0,13.0
2026-05-10,SE,0,2026-05-10,1.0,68.0679955688897,63.397921097851494,4.0,21.0,43.0,61.0,77.0,102.10000000000002,188.02499999999998
2026-05-10,SE,1,2026-05-17,1.0,53.68315442912957,46.111108331817256,3.0,15.900000000000006,29.0,43.0,62.0,90.0,172.0
2026-05-10,SE,2,2026-05-24,1.0,45.559301493468546,35.351064592189566,2.0,11.0,21.75,33.0,52.0,85.0,170.17499999999984
2026-05-10,SE,3,2026-05-31,1.0,39.34897801201598,26.853896032389386,2.0,8.0,15.0,26.0,46.0,78.0,182.04999999999995
2026-05-10,SE-M,0,2026-05-10,1.0,3.638167086244092,2.3064882057317107,0.0,0.0,1.0,2.0,4.0,7.0,16.024999999999977
2026-05-10,SE-M,1,2026-05-17,1.0,2.7200821917986526,1.4962559107692082,0.0,0.0,1.0,2.0,3.0,6.0,13.0
2026-05-10,SE-M,2,2026-05-24,1.0,2.23423871581374,1.0651591711134958,0.0,0.0,0.0,1.0,3.0,5.0,14.0
2026-05-10,SE-M,3,2026-05-31,1.0,1.908576970963581,0.7958581164404223,0.0,0.0,0.0,1.0,2.0,4.0,10.024999999999977
2026-05-10,SE-O,0,2026-05-10,1.0,5.761455531191743,4.340375267791035,0.0,1.0,2.0,4.0,7.0,11.0,21.0
2026-05-10,SE-O,1,2026-05-17,1.0,4.250811179521042,2.6959406666681174,0.0,0.0,1.0,3.0,5.0,9.0,18.024999999999977
2026-05-10,SE-O,2,2026-05-24,1.0,3.4911540442493796,1.8103275025846144,0.0,0.0,1.0,2.0,4.0,7.0,16.0
2026-05-10,SE-O,3,2026-05-31,1.0,2.9905575604635,1.2466065031409184,0.0,0.0,0.0,1.0,3.0,6.0,13.024999999999977
2026-05-17,SE,0,2026-05-17,1.0,54.87066149178149,48.4754793556922,3.9750000000000014,16.900000000000006,34.0,46.0,63.0,84.0,162.02499999999998
2026-05-17,SE,1,2026-05-24,1.0,47.46160932095732,38.774024565986096,3.0,14.0,25.0,38.0,55.0,81.0,161.24999999999977
2026-05-17,SE,2,2026-05-31,1.0,40.72437097637899,30.016875019408463,2.0,10.0,18.0,29.0,46.0,76.0,147.62499999999943
2026-05-17,SE,3,2026-06-07,1.0,34.966677475798704,22.575237413146596,2.0,7.0,14.0,22.0,39.0,69.0,155.0
2026-05-17,SE-M,0,2026-05-17,1.0,5.0515757127988925,3.039473202556366,0.0,1.0,1.0,3.0,5.0,9.0,25.0
2026-05-17,SE-M,1,2026-05-24,1.0,4.747471465017683,2.4934650664712334,0.0,0.0,1.0,3.0,5.0,9.0,26.0
2026-05-17,SE-M,2,2026-05-31,1.0,4.429499386423778,1.998449301489614,0.0,0.0,1.0,2.0,4.0,9.0,29.0
2026-05-17,SE-M,3,2026-06-07,1.0,4.1331039199131645,1.5729835983153224,0.0,0.0,1.0,2.0,4.0,9.0,25.024999999999977
2026-05-17,SE-O,0,2026-05-17,1.0,5.366441669666053,3.6462759804382787,0.0,0.0,2.0,3.0,6.0,10.0,21.024999999999977
2026-05-17,SE-O,1,2026-05-24,1.0,4.618107359296174,2.6604486121179023,0.0,0.0,1.0,3.0,5.0,8.0,21.0
2026-05-17,SE-O,2,2026-05-31,1.0,4.037483607692415,1.9166508801031894,0.0,0.0,1.0,2.0,4.0,8.0,19.074999999999932
2026-05-17,SE-O,3,2026-06-07,1.0,3.5834539039233233,1.3798985226837248,0.0,0.0,0.0,2.0,4.0,7.0,20.0
