model,location,horizon,n,mae,rmse,bias,point
main@rw1,SE,0,33,179.35608020631912,266.9736894166984,-29.08033425666373,mean
main@rw1,SE,1,33,286.7456348098676,433.5574987330556,31.5856219332059,mean
main@rw1,SE,2,33,440.56310356353964,753.9619618586024,159.2074148827584,mean
main@rw1,SE,3,33,596.5385348238696,1130.7959986832052,284.1816059850695,mean
main@rw1,SE-M,0,33,15.602045789446848,23.940920458146607,-3.6830983150341843,mean
main@rw1,SE-M,1,33,16.696198284734997,26.61524011265588,-2.055110768563785,mean
main@rw1,SE-M,2,33,20.10906751750194,31.72648730436776,1.5995168899836179,mean
main@rw1,SE-M,3,33,24.57232299536489,36.631979493385515,7.5441401069003815,mean
main@rw1,SE-O,0,33,40.267775145543716,59.92759926996961,-4.6754357319493,mean
main@rw1,SE-O,1,33,56.53557208179258,99.86037469789767,5.211257486674366,mean
main@rw1,SE-O,2,33,73.43278343035347,126.05572629976177,18.78566330667488,mean
main@rw1,SE-O,3,33,80.43551513195257,133.39116206821683,28.655129337028036,mean
no-holidays@rw1,SE,0,33,150.87986816848945,235.33150345311654,-28.414866921881874,mean
no-holidays@rw1,SE,1,33,259.25952922860813,427.78787033637707,31.61240099372526,mean
no-holidays@rw1,SE,2,33,486.20926876802986,779.4450478023134,157.18487986819778,mean
no-holidays@rw1,SE,3,33,717.6147462298819,1213.2098127364409,297.742011155423,mean
no-holidays@rw1,SE-M,0,33,22.667450178517573,39.3830912226323,-2.9064820459234917,mean
no-holidays@rw1,SE-M,1,33,35.64013004223432,65.99967883988452,2.750050553752747,mean
no-holidays@rw1,SE-M,2,33,51.07391756776739,90.04485397005386,10.643762955022124,mean
no-holidays@rw1,SE-M,3,33,59.137041817441045,103.88921319838619,18.66862718040982,mean
no-holidays@rw1,SE-O,0,33,38.15404133203382,58.130791638592434,-4.316394967038694,mean
no-holidays@rw1,SE-O,1,33,58.19313872278655,94.63628232490542,5.309523334730181,mean
no-holidays@rw1,SE-O,2,33,75.4224479604038,117.37100392538979,19.225974868478144,mean
no-holidays@rw1,SE-O,3,33,95.97996839644334,146.17746176888738,34.571466621102886,mean
no-temperature@rw1,SE,0,33,189.01685755328995,288.6580239855491,-67.12297872689085,mean
no-temperature@rw1,SE,1,33,259.99648822120645,429.5083425917104,-40.16357398937256,mean
no-temperature@rw1,SE,2,33,334.07947773635175,567.1696968280336,9.167773249180444,mean
no-temperature@rw1,SE,3,33,398.1713908047653,645.2881694919731,17.175536862111823,mean
no-temperature@rw1,SE-M,0,33,13.940892642295553,22.51766079423849,-5.7588390422580344,mean
no-temperature@rw1,SE-M,1,33,14.66154257412106,23.08998892478677,-6.156299586763868,mean
no-temperature@rw1,SE-M,2,33,17.72150486523185,27.60296570847819,-6.737498151634745,mean
no-temperature@rw1,SE-M,3,33,21.823758547668728,32.10995622306478,-8.827896363533977,mean
no-temperature@rw1,SE-O,0,33,34.45476308032851,54.093192682949386,-10.818503567630527,mean
no-temperature@rw1,SE-O,1,33,40.104524640119095,68.16801971233896,-8.436331763008447,mean
no-temperature@rw1,SE-O,2,33,44.449208792028294,67.70349044627687,-5.902406629313193,mean
no-temperature@rw1,SE-O,3,33,45.02649069830209,66.3075138593542,-7.662176794276077,mean
sigmoid-temperature@rw0,SE,0,33,195.00878975346336,288.3937975515601,-28.454905127423736,mean
sigmoid-temperature@rw0,SE,1,33,307.2107520296903,469.67426932307075,45.630946209800236,mean
sigmoid-temperature@rw0,SE,2,33,473.11517972668344,861.6094323223098,208.00503141309298,mean
sigmoid-temperature@rw0,SE,3,33,654.1895543289033,1321.2148298049124,366.1821877491133,mean
sigmoid-temperature@rw0,SE-M,0,33,18.72474819876745,27.80927674974498,-3.1545181639916815,mean
sigmoid-temperature@rw0,SE-M,1,33,20.724874032281253,30.938660426671156,-0.1133862442030134,mean
sigmoid-temperature@rw0,SE-M,2,33,26.075802968130667,38.53953874589429,6.581594972221239,mean
sigmoid-temperature@rw0,SE-M,3,33,33.1659912462748,48.591594467196565,16.172195448399993,mean
sigmoid-temperature@rw0,SE-O,0,33,42.603928240323285,61.55731003873665,-3.8973826501953717,mean
sigmoid-temperature@rw0,SE-O,1,33,60.02705137506464,96.32439120310114,7.179631678010618,mean
sigmoid-temperature@rw0,SE-O,2,33,78.00988940161822,127.46375459895934,25.922527483102577,mean
sigmoid-temperature@rw0,SE-O,3,33,89.7904546124729,147.73179641095277,42.74912052339981,mean
sigmoid-temperature@rw0.5,SE,0,33,195.0064589216422,288.39059074074356,-28.456308082059135,mean
sigmoid-temperature@rw0.5,SE,1,33,307.1986708626673,469.74158644923426,45.69556363222339,mean
sigmoid-temperature@rw0.5,SE,2,33,473.8233252784447,864.4693820932918,209.4695906988418,mean
sigmoid-temperature@rw0.5,SE,3,33,657.4697583197591,1330.283736272638,371.6806657146673,mean
sigmoid-temperature@rw0.5,SE-M,0,33,18.724535790994878,27.809208313198237,-3.1545637405517115,mean
sigmoid-temperature@rw0.5,SE-M,1,33,20.724680603319865,30.93809580181482,-0.104579915381832,mean
sigmoid-temperature@rw0.5,SE-M,2,33,26.102801166699326,38.60721655815069,6.721936668865589,mean
sigmoid-temperature@rw0.5,SE-M,3,33,33.484198968462,49.20315474358529,16.777211547735654,mean
sigmoid-temperature@rw0.5,SE-O,0,33,42.60378626304295,61.55726025410831,-3.897497291115263,mean
sigmoid-temperature@rw0.5,SE-O,1,33,60.02174925576304,96.34370756272527,7.189116714027257,mean
sigmoid-temperature@rw0.5,SE-O,2,33,78.06634138729122,127.75831878657898,26.089936922433566,mean
sigmoid-temperature@rw0.5,SE-O,3,33,90.10660949510627,148.61741810380158,43.41191624288861,mean
sigmoid-temperature@rw1,SE,0,33,195.004946613624,288.38855704845486,-28.45607351262802,mean
sigmoid-temperature@rw1,SE,1,33,307.3635034177061,470.2236259259914,46.098844683359836,mean
sigmoid-temperature@rw1,SE,2,33,477.0413429347945,873.7400194691637,214.88859708336295,mean
sigmoid-temperature@rw1,SE,3,33,670.9038136634971,1359.2492154365705,391.21112312625615,mean
sigmoid-temperature@rw1,SE-M,0,33,18.724359444118814,27.80911978745829,-3.1544681503092447,mean
sigmoid-temperature@rw1,SE-M,1,33,20.734587664166856,30.940206226917667,-0.06836209954287495,mean
sigmoid-temperature@rw1,SE-M,2,33,26.30418343975347,38.851533252409766,7.178336439564808,mean
sigmoid-temperature@rw1,SE-M,3,33,34.67767656571931,51.03058420483466,18.641192063293275,mean
sigmoid-temperature@rw1,SE-O,0,33,42.60372321331672,61.55732656139207,-3.8973944693807168,mean
sigmoid-temperature@rw1,SE-O,1,33,60.03663573935846,96.40599867241602,7.242278383367463,mean
sigmoid-temperature@rw1,SE-O,2,33,78.39733571340777,128.62317808150405,26.745885681346902,mean
sigmoid-temperature@rw1,SE-O,3,33,91.61129723365597,151.5166944010264,45.8525660294027,mean
main@rw1,SE,0,33,141.12121212121212,216.9597784257383,-48.72727272727273,q0.5
main@rw1,SE,1,33,247.36363636363637,377.86050416266136,-12.848484848484848,q0.5
main@rw1,SE,2,33,372.1363636363636,622.6875706211428,58.378787878787875,q0.5
main@rw1,SE,3,33,481.24242424242425,906.4719237157037,110.42424242424242,q0.5
main@rw1,SE-M,0,33,12.909090909090908,22.510267017788156,-7.181818181818182,q0.5
main@rw1,SE-M,1,33,15.151515151515152,27.627665098373384,-8.969696969696969,q0.5
main@rw1,SE-M,2,33,18.227272727272727,33.51605223733484,-11.287878787878787,q0.5
main@rw1,SE-M,3,33,21.181818181818183,36.26271981642922,-13.545454545454545,q0.5
main@rw1,SE-O,0,33,36.196969696969695,58.814101071498875,-10.893939393939394,q0.5
main@rw1,SE-O,1,33,51.13636363636363,94.7557865827153,-6.287878787878788,q0.5
main@rw1,SE-O,2,33,63.03030303030303,110.84079491857598,-1.4242424242424243,q0.5
main@rw1,SE-O,3,33,61.68181818181818,104.26303421170086,-3.015151515151515,q0.5
no-holidays@rw1,SE,0,33,131.21212121212122,216.88395863952573,-41.63636363636363,q0.5
no-holidays@rw1,SE,1,33,235.6969696969697,401.17505436208796,-5.696969696969697,q0.5
no-holidays@rw1,SE,2,33,420.3181818181818,674.177989941241,68.8030303030303,q0.5
no-holidays@rw1,SE,3,33,588.2878787878788,986.0789852499216,135.1060606060606,q0.5
no-holidays@rw1,SE-M,0,33,20.893939393939394,39.38514179153598,-6.893939393939394,q0.5
no-holidays@rw1,SE-M,1,33,33.121212121212125,62.960064302458406,-5.181818181818182,q0.5
no-holidays@rw1,SE-M,2,33,45.71212121212121,80.50216447306548,-3.196969696969697,q0.5
no-holidays@rw1,SE-M,3,33,48.25757575757576,85.96356698325663,-3.621212121212121,q0.5
no-holidays@rw1,SE-O,0,33,35.333333333333336,57.15847189254546,-9.484848484848484,q0.5
no-holidays@rw1,SE-O,1,33,52.46969696969697,90.70602699563759,-4.833333333333333,q0.5
no-holidays@rw1,SE-O,2,33,61.54545454545455,102.51829105091443,0.2727272727272727,q0.5
no-holidays@rw1,SE-O,3,33,74.36363636363636,115.9509431273468,3.757575757575758,q0.5
no-temperature@rw1,SE,0,33,155.5151515151515,249.67949151832332,-73.42424242424242,q0.5
no-temperature@rw1,SE,1,33,237.24242424242425,398.59240972566084,-70.27272727272727,q0.5
no-temperature@rw1,SE,2,33,304.8636363636364,511.5821788897418,-59.378787878787875,q0.5
no-temperature@rw1,SE,3,33,352.6212121212121,566.3810354105506,-98.65151515151516,q0.5
no-temperature@rw1,SE-M,0,33,13.590909090909092,22.356783256447194,-8.742424242424242,q0.5
no-temperature@rw1,SE-M,1,33,16.303030303030305,25.806682244814976,-12.0,q0.5
no-temperature@rw1,SE-M,2,33,21.651515151515152,34.166592756756714,-16.28787878787879,q0.5
no-temperature@rw1,SE-M,3,33,28.303030303030305,44.44165395280205,-23.03030303030303,q0.5
no-temperature@rw1,SE-O,0,33,32.68181818181818,53.44304529973092,-15.348484848484848,q0.5
no-temperature@rw1,SE-O,1,33,40.196969696969695,67.39801498740466,-16.924242424242426,q0.5
no-temperature@rw1,SE-O,2,33,43.18181818181818,66.02765719871874,-20.151515151515152,q0.5
no-temperature@rw1,SE-O,3,33,43.65151515151515,66.87918777598722,-27.651515151515152,q0.5
sigmoid-temperature@rw0,SE,0,33,153.28787878787878,236.10207409918996,-51.833333333333336,q0.5
sigmoid-temperature@rw0,SE,1,33,263.8333333333333,405.0392517454888,-3.6818181818181817,q0.5
sigmoid-temperature@rw0,SE,2,33,399.3787878787879,713.8690090774442,103.07575757575758,q0.5
sigmoid-temperature@rw0,SE,3,33,538.7121212121212,1102.0407756576528,198.16666666666666,q0.5
sigmoid-temperature@rw0,SE-M,0,33,14.772727272727273,25.374617477337704,-7.075757575757576,q0.5
sigmoid-temperature@rw0,SE-M,1,33,17.181818181818183,30.64582625198196,-7.757575757575758,q0.5
sigmoid-temperature@rw0,SE-M,2,33,19.545454545454547,35.55938268544178,-7.424242424242424,q0.5
sigmoid-temperature@rw0,SE-M,3,33,21.242424242424242,37.53745604140757,-6.212121212121212,q0.5
sigmoid-temperature@rw0,SE-O,0,33,36.75757575757576,59.20086506329468,-11.030303030303031,q0.5
sigmoid-temperature@rw0,SE-O,1,33,53.22727272727273,90.4199377986689,-5.712121212121212,q0.5
sigmoid-temperature@rw0,SE-O,2,33,66.1969696969697,109.71826869235808,4.106060606060606,q0.5
sigmoid-temperature@rw0,SE-O,3,33,68.77272727272727,114.96834215108825,10.075757575757576,q0.5
sigmoid-temperature@rw0.5,SE,0,33,153.1060606060606,236.84016794352084,-50.89393939393939,q0.5
sigmoid-temperature@rw0.5,SE,1,33,263.06060606060606,404.61008166112,-2.5757575757575757,q0.5
sigmoid-temperature@rw0.5,SE,2,33,400.2121212121212,716.2627649716608,101.96969696969697,q0.5
sigmoid-temperature@rw0.5,SE,3,33,540.3484848484849,1109.6777821976207,199.07575757575756,q0.5
sigmoid-temperature@rw0.5,SE-M,0,33,14.984848484848484,25.65874533411975,-7.045454545454546,q0.5
sigmoid-temperature@rw0.5,SE-M,1,33,16.984848484848484,30.513906417377715,-7.833333333333333,q0.5
sigmoid-temperature@rw0.5,SE-M,2,33,19.363636363636363,35.432180203021574,-7.575757575757576,q0.5
sigmoid-temperature@rw0.5,SE-M,3,33,21.272727272727273,37.412726727841175,-6.424242424242424,q0.5
sigmoid-temperature@rw0.5,SE-O,0,33,36.833333333333336,59.42266428142574,-11.015151515151516,q0.5
sigmoid-temperature@rw0.5,SE-O,1,33,53.34848484848485,91.06944569609469,-5.318181818181818,q0.5
sigmoid-temperature@rw0.5,SE-O,2,33,65.98484848484848,109.97806255078439,3.893939393939394,q0.5
sigmoid-temperature@rw0.5,SE-O,3,33,69.01515151515152,115.46319759992792,10.015151515151516,q0.5
sigmoid-temperature@rw1,SE,0,33,152.3939393939394,235.23737205665518,-51.39393939393939,q0.5
sigmoid-temperature@rw1,SE,1,33,262.43939393939394,403.6819649029156,-3.409090909090909,q0.5
sigmoid-temperature@rw1,SE,2,33,400.40909090909093,717.2638509071692,103.22727272727273,q0.5
sigmoid-temperature@rw1,SE,3,33,541.1969696969697,1105.090161548602,195.3181818181818,q0.5
sigmoid-temperature@rw1,SE-M,0,33,14.924242424242424,25.745402649322802,-7.136363636363637,q0.5
sigmoid-temperature@rw1,SE-M,1,33,17.21212121212121,30.405093273491154,-7.636363636363637,q0.5
sigmoid-temperature@rw1,SE-M,2,33,19.484848484848484,35.86950253517899,-7.515151515151516,q0.5
sigmoid-temperature@rw1,SE-M,3,33,21.484848484848484,37.6462803506857,-6.0606060606060606,q0.5
sigmoid-temperature@rw1,SE-O,0,33,36.86363636363637,59.5763452142787,-11.257575757575758,q0.5
sigmoid-temperature@rw1,SE-O,1,33,52.96969696969697,90.47936312505273,-5.454545454545454,q0.5
sigmoid-temperature@rw1,SE-O,2,33,66.03030303030303,109.51677607756832,3.878787878787879,q0.5
sigmoid-temperature@rw1,SE-O,3,33,68.15151515151516,114.01541628882978,9.666666666666666,q0.5
main@rw1,SE,0,33,98.21974171647732,155.60179258987367,14.58274146576073,map_mean
main@rw1,SE,1,33,221.65198755806816,350.97289931659293,56.76043776693915,map_mean
main@rw1,SE,2,33,372.18659956459425,600.4978557802892,139.03724404733435,map_mean
main@rw1,SE,3,33,523.3395981493734,934.4860266285458,218.8051231227571,map_mean
main@rw1,SE-M,0,33,8.84658181304168,13.900811444008927,0.35194351059006107,map_mean
main@rw1,SE-M,1,33,12.907150589313476,20.10652612357526,-0.29107848892493,map_mean
main@rw1,SE-M,2,33,15.90042406585773,26.918739838445326,-1.5009848425085672,map_mean
main@rw1,SE-M,3,33,20.08449424247609,32.77451646294423,-2.499202777293008,map_mean
main@rw1,SE-O,0,33,28.062879999731976,52.40848376283036,1.6162657220038221,map_mean
main@rw1,SE-O,1,33,48.29667341697383,105.95540775672384,8.268070698585603,map_mean
main@rw1,SE-O,2,33,64.08432739581046,137.8505692635729,15.299352312373697,map_mean
main@rw1,SE-O,3,33,69.16850558250712,137.25402449656477,15.976704225434181,map_mean
no-holidays@rw1,SE,0,33,124.82090143288563,211.253930819906,14.619155399827838,map_mean
no-holidays@rw1,SE,1,33,269.13246788590635,439.30180210615856,58.70022979194949,map_mean
no-holidays@rw1,SE,2,33,475.08664127655715,744.7959904321185,144.97405652152193,map_mean
no-holidays@rw1,SE,3,33,681.0406537583189,1141.8989290858992,242.6320431972314,map_mean
no-holidays@rw1,SE-M,0,33,19.27777826413373,36.1944944762016,1.5613884575054553,map_mean
no-holidays@rw1,SE-M,1,33,34.40795848529603,66.75333869421762,4.144252719469056,map_mean
no-holidays@rw1,SE-M,2,33,50.28244446811845,90.8315889996999,6.827707926094666,map_mean
no-holidays@rw1,SE-M,3,33,57.839202608349154,102.89275524075632,8.389634444883727,map_mean
no-holidays@rw1,SE-O,0,33,33.70872218889747,58.475553362526185,1.7336945207587466,map_mean
no-holidays@rw1,SE-O,1,33,57.42261322339424,101.55930396211244,7.637919384138831,map_mean
no-holidays@rw1,SE-O,2,33,70.36434627936234,118.72295835122488,14.014234625391236,map_mean
no-holidays@rw1,SE-O,3,33,84.20739820568257,139.26463151092403,20.29070537824575,map_mean
no-temperature@rw1,SE,0,33,97.07942159277265,168.18427979382085,-3.3832812692320027,map_mean
no-temperature@rw1,SE,1,33,213.20171250048725,336.1013987444002,10.135876900964899,map_mean
no-temperature@rw1,SE,2,33,317.22788315277216,482.53435063890436,31.903753949040787,map_mean
no-temperature@rw1,SE,3,33,367.3698341819831,579.3540757110446,11.496054470687803,map_mean
no-temperature@rw1,SE-M,0,33,8.765164167989255,12.728128146779138,-0.7407731882772743,map_mean
no-temperature@rw1,SE-M,1,33,12.519013496287199,17.815428184767377,-2.4727387710141646,map_mean
no-temperature@rw1,SE-M,2,33,18.480926692387857,27.14695401346891,-5.95350609868981,map_mean
no-temperature@rw1,SE-M,3,33,24.77413220935007,37.2844173137479,-11.95039194326079,map_mean
no-temperature@rw1,SE-O,0,33,26.04472100645525,41.611605208665544,-2.5028287214508604,map_mean
no-temperature@rw1,SE-O,1,33,35.38068623004226,60.084204090716895,-2.616094021296052,map_mean
no-temperature@rw1,SE-O,2,33,40.84186338394353,63.161190992861194,-4.05001331173974,map_mean
no-temperature@rw1,SE-O,3,33,41.03449655142889,66.38325012439333,-10.441482772932616,map_mean
sigmoid-temperature@rw0,SE,0,33,93.96926847481097,143.17593630953706,13.490348154027453,map_mean
sigmoid-temperature@rw0,SE,1,33,218.57427917243,336.60248311987544,64.26930717070147,map_mean
sigmoid-temperature@rw0,SE,2,33,395.4396211043394,654.3277787164573,181.85276388562698,map_mean
sigmoid-temperature@rw0,SE,3,33,586.169754132969,1133.1341412556505,311.9804796325544,map_mean
sigmoid-temperature@rw0,SE-M,0,33,9.070012327453128,14.580531523175235,0.6395387644279225,map_mean
sigmoid-temperature@rw0,SE-M,1,33,13.52766333200257,21.919133044673046,1.2304554513736867,map_mean
sigmoid-temperature@rw0,SE-M,2,33,16.935253758540725,31.453320407487695,2.9236001080329745,map_mean
sigmoid-temperature@rw0,SE-M,3,33,21.248476578605374,40.88940975987085,6.0948057793567365,map_mean
sigmoid-temperature@rw0,SE-O,0,33,25.96704551020758,49.51587503418032,1.5063698370301661,map_mean
sigmoid-temperature@rw0,SE-O,1,33,46.490839427547705,98.96996918808567,8.962992995916883,map_mean
sigmoid-temperature@rw0,SE-O,2,33,65.8863738280968,137.9207290343668,21.32823292388872,map_mean
sigmoid-temperature@rw0,SE-O,3,33,76.70149220284665,152.15468443053805,29.977306152025772,map_mean
sigmoid-temperature@rw0.5,SE,0,33,93.96926847481097,143.17593630953706,13.490348154027453,map_mean
sigmoid-temperature@rw0.5,SE,1,33,218.57427917243,336.60248311987544,64.26930717070147,map_mean
sigmoid-temperature@rw0.5,SE,2,33,395.4396211043394,654.3277787164573,181.85276388562698,map_mean
sigmoid-temperature@rw0.5,SE,3,33,586.169754132969,1133.1341412556505,311.9804796325544,map_mean
sigmoid-temperature@rw0.5,SE-M,0,33,9.070012327453128,14.580531523175235,0.6395387644279225,map_mean
sigmoid-temperature@rw0.5,SE-M,1,33,13.52766333200257,21.919133044673046,1.2304554513736867,map_mean
sigmoid-temperature@rw0.5,SE-M,2,33,16.935253758540725,31.453320407487695,2.9236001080329745,map_mean
sigmoid-temperature@rw0.5,SE-M,3,33,21.248476578605374,40.88940975987085,6.0948057793567365,map_mean
sigmoid-temperature@rw0.5,SE-O,0,33,25.96704551020758,49.51587503418032,1.5063698370301661,map_mean
sigmoid-temperature@rw0.5,SE-O,1,33,46.490839427547705,98.96996918808567,8.962992995916883,map_mean
sigmoid-temperature@rw0.5,SE-O,2,33,65.8863738280968,137.9207290343668,21.32823292388872,map_mean
sigmoid-temperature@rw0.5,SE-O,3,33,76.70149220284665,152.15468443053805,29.977306152025772,map_mean
sigmoid-temperature@rw1,SE,0,33,93.96926847481097,143.17593630953706,13.490348154027453,map_mean
sigmoid-temperature@rw1,SE,1,33,218.57427917243,336.60248311987544,64.26930717070147,map_mean
sigmoid-temperature@rw1,SE,2,33,395.4396211043394,654.3277787164573,181.85276388562698,map_mean
sigmoid-temperature@rw1,SE,3,33,586.169754132969,1133.1341412556505,311.9804796325544,map_mean
sigmoid-temperature@rw1,SE-M,0,33,9.070012327453128,14.580531523175235,0.6395387644279225,map_mean
sigmoid-temperature@rw1,SE-M,1,33,13.52766333200257,21.919133044673046,1.2304554513736867,map_mean
sigmoid-temperature@rw1,SE-M,2,33,16.935253758540725,31.453320407487695,2.9236001080329745,map_mean
sigmoid-temperature@rw1,SE-M,3,33,21.248476578605374,40.88940975987085,6.0948057793567365,map_mean
sigmoid-temperature@rw1,SE-O,0,33,25.96704551020758,49.51587503418032,1.5063698370301661,map_mean
sigmoid-temperature@rw1,SE-O,1,33,46.490839427547705,98.96996918808567,8.962992995916883,map_mean
sigmoid-temperature@rw1,SE-O,2,33,65.8863738280968,137.9207290343668,21.32823292388872,map_mean
sigmoid-temperature@rw1,SE-O,3,33,76.70149220284665,152.15468443053805,29.977306152025772,map_mean
hubdemo-damped4,SE,0,33,176.87636363636364,271.2339425438468,0.27030303030303404,mean
hubdemo-damped4,SE,1,33,323.7638787878788,500.0026378674659,7.100121212121219,mean
hubdemo-damped4,SE,2,33,482.7108848484849,709.7144580256263,21.397139393939394,mean
hubdemo-damped4,SE,3,33,614.9712096969697,872.0340459914185,36.11345454545453,mean
hubdemo-damped4,SE-M,0,33,16.686060606060607,28.45255231667861,0.855757575757575,mean
hubdemo-damped4,SE-M,1,33,32.44824242424242,50.38511262568567,3.00290909090909,mean
hubdemo-damped4,SE-M,2,33,46.81027878787879,71.52115611241025,5.843199999999999,mean
hubdemo-damped4,SE-M,3,33,54.78115878787878,86.0404732280228,8.203044848484847,mean
hubdemo-damped4,SE-O,0,33,31.695757575757575,50.665647677153544,0.13939393939393946,mean
hubdemo-damped4,SE-O,1,33,53.15369696969697,79.41694085055533,1.2506666666666677,mean
hubdemo-damped4,SE-O,2,33,61.76082424242424,97.27728024308095,4.13221818181818,mean
hubdemo-damped4,SE-O,3,33,73.77510787878788,113.02201881471672,6.69001696969697,mean
hubdemo-exptrend4,SE,0,33,248.8095416969697,423.54350010993954,147.48065666666668,mean
hubdemo-exptrend4,SE,1,33,574.8991467272728,1027.7972065293766,386.68149806060603,mean
hubdemo-exptrend4,SE,2,33,1125.747509878788,2199.106493570303,826.9934533939395,mean
hubdemo-exptrend4,SE,3,33,2016.7213743030302,4470.437389589069,1632.7927152727273,mean
hubdemo-exptrend4,SE-M,0,33,23.667604454545454,39.6491790506427,12.760129181818181,mean
hubdemo-exptrend4,SE-M,1,33,49.80720951515152,84.44743420848485,30.816433272727274,mean
hubdemo-exptrend4,SE-M,2,33,85.92851866666668,156.9041636959442,60.30343721212121,mean
hubdemo-exptrend4,SE-M,3,33,138.37169630303032,273.55317549728005,107.61197393939393,mean
hubdemo-exptrend4,SE-O,0,33,39.61037260606061,64.55821450297064,17.463083030303032,mean
hubdemo-exptrend4,SE-O,1,33,74.50549442424243,124.12693796951496,45.61209012121213,mean
hubdemo-exptrend4,SE-O,2,33,133.2838051818182,228.51824675998827,95.93655081818181,mean
hubdemo-exptrend4,SE-O,3,33,226.21308381818181,452.4804652690357,186.42052363636364,mean
hubdemo-linear4,SE,0,33,216.3939393939394,328.47226717491736,2.9393939393939394,mean
hubdemo-linear4,SE,1,33,384.1666666666667,586.4657790527936,28.86363636363637,mean
hubdemo-linear4,SE,2,33,560.0484848484848,827.9683396816279,74.07878787878789,mean
hubdemo-linear4,SE,3,33,728.0909090909091,1044.4757748470877,130.12121212121212,mean
hubdemo-linear4,SE-M,0,33,20.015151515151516,32.88144452330819,2.3181818181818183,mean
hubdemo-linear4,SE-M,1,33,36.59090909090909,57.617655648457635,6.433333333333333,mean
hubdemo-linear4,SE-M,2,33,51.10606060606061,82.55975797180874,12.118181818181819,mean
hubdemo-linear4,SE-M,3,33,63.039393939393946,102.20785565491411,17.845454545454544,mean
hubdemo-linear4,SE-O,0,33,37.666666666666664,57.87002154777026,0.5454545454545454,mean
hubdemo-linear4,SE-O,1,33,56.68484848484848,88.90594280849096,4.896969696969697,mean
hubdemo-linear4,SE-O,2,33,70.48181818181818,112.43805163086675,11.942424242424243,mean
hubdemo-linear4,SE-O,3,33,85.63939393939394,133.09947863204127,21.22121212121212,mean
hubdemo-mean3,SE,0,33,289.81818184848487,403.65907209698884,-2.828282757575763,mean
hubdemo-mean3,SE,1,33,392.14141415151516,546.9073379941417,-3.5555554848484903,mean
hubdemo-mean3,SE,2,33,473.86868687878786,652.0930326378347,-3.4646463939393994,mean
hubdemo-mean3,SE,3,33,518.3333333636364,724.2612746223116,-2.2525251818181875,mean
hubdemo-mean3,SE-M,0,33,29.343434303030303,43.666281055356514,-0.09090909090909102,mean
hubdemo-mean3,SE-M,1,33,39.080808000000005,59.2384042742794,-0.21212121212121265,mean
hubdemo-mean3,SE-M,2,33,48.48484842424242,71.53177337925536,-0.12121212121212176,mean
hubdemo-mean3,SE-M,3,33,57.060606,80.83139115088399,-0.03030303030303084,mean
hubdemo-mean3,SE-O,0,33,41.72727269696969,58.27668244632235,-0.13131306060606107,mean
hubdemo-mean3,SE-O,1,33,54.76767675757576,74.77602919736546,-0.22222215151515112,mean
hubdemo-mean3,SE-O,2,33,60.969696939393934,87.18261334855035,-0.10101003030302991,mean
hubdemo-mean3,SE-O,3,33,67.46464639393939,97.81961335576167,0.17171724242424283,mean
hubdemo-mean6,SE,0,33,375.89898987878786,528.0032617601846,-6.363636363636367,mean
hubdemo-mean6,SE,1,33,444.88888884848484,620.5589204217681,-7.090909090909094,mean
hubdemo-mean6,SE,2,33,500.3838383636364,697.2279672976407,-7.0000000000000036,mean
hubdemo-mean6,SE,3,33,548.8484848484849,764.1142756656628,-5.787878787878792,mean
hubdemo-mean6,SE-M,0,33,40.57575763636363,58.71233304691143,-0.2929292727272727,mean
hubdemo-mean6,SE-M,1,33,50.636363696969696,70.1627737487229,-0.4141413939393939,mean
hubdemo-mean6,SE-M,2,33,60.41414145454546,80.17970140873103,-0.32323230303030387,mean
hubdemo-mean6,SE-M,3,33,69.71717175757576,89.12740100344915,-0.2323232121212121,mean
hubdemo-mean6,SE-O,0,33,52.40404045454545,73.09089859778473,-0.5151515454545458,mean
hubdemo-mean6,SE-O,1,33,62.969697060606066,86.40553122313908,-0.6060606363636367,mean
hubdemo-mean6,SE-O,2,33,73.49494954545455,97.95204283582062,-0.4848485151515138,mean
hubdemo-mean6,SE-O,3,33,84.61616166666666,108.84576551839852,-0.2121212424242419,mean
hubdemo-persistence,SE,0,33,172.8181818181818,259.6913669350717,-1.1818181818181819,mean
hubdemo-persistence,SE,1,33,298.75757575757575,438.3859860069351,-1.9090909090909092,mean
hubdemo-persistence,SE,2,33,414.1212121212121,581.5860237577095,-1.8181818181818181,mean
hubdemo-persistence,SE,3,33,495.3939393939394,689.9198460251697,-0.6060606060606061,mean
hubdemo-persistence,SE-M,0,33,17.78787878787879,28.097773016466064,0.030303030303030304,mean
hubdemo-persistence,SE-M,1,33,30.818181818181817,46.82430086520408,-0.09090909090909091,mean
hubdemo-persistence,SE-M,2,33,41.81818181818182,63.20960801535274,0.0,mean
hubdemo-persistence,SE-M,3,33,49.303030303030305,74.81310045707235,0.09090909090909091,mean
hubdemo-persistence,SE-O,0,33,28.818181818181817,45.471602860100134,0.030303030303030304,mean
hubdemo-persistence,SE-O,1,33,48.484848484848484,67.75758930991354,-0.06060606060606061,mean
hubdemo-persistence,SE-O,2,33,58.84848484848485,80.2375261711165,0.06060606060606061,mean
hubdemo-persistence,SE-O,3,33,65.12121212121212,93.0156389587745,0.3333333333333333,mean
