municipality_code,municipality,year,population
0114,Upplands Väsby,2020,47184
0114,Upplands Väsby,2024,50323
0115,Vallentuna,2020,34119
0115,Vallentuna,2024,35119
0117,Österåker,2020,46644
0117,Österåker,2024,49787
0120,Värmdö,2020,45566
0120,Värmdö,2024,46635
0123,Järfälla,2020,81274
0123,Järfälla,2024,88950
0125,Ekerö,2020,28879
0125,Ekerö,2024,28910
0126,Huddinge,2020,113234
0126,Huddinge,2024,114304
0127,Botkyrka,2020,94847
0127,Botkyrka,2024,95905
0128,Salem,2020,16959
0128,Salem,2024,17507
0136,Haninge,2020,93690
0136,Haninge,2024,100895
0138,Tyresö,2020,48678
0138,Tyresö,2024,49179
0139,Upplands-Bro,2020,30195
0139,Upplands-Bro,2024,32868
0140,Nykvarn,2020,11222
0140,Nykvarn,2024,12342
0160,Täby,2020,72755
0160,Täby,2024,77744
0162,Danderyd,2020,32712
0162,Danderyd,2024,32425
0163,Sollentuna,2020,73990
0163,Sollentuna,2024,77624
0180,Stockholm,2020,975551
0180,Stockholm,2024,995574
0181,Södertälje,2020,100111
0181,Södertälje,2024,102911
0182,Nacka,2020,106505
0182,Nacka,2024,112112
0183,Sundbyberg,2020,52801
0183,Sundbyberg,2024,56274
0184,Solna,2020,83162
0184,Solna,2024,85789
0186,Lidingö,2020,48005
0186,Lidingö,2024,48377
0187,Vaxholm,2020,11886
0187,Vaxholm,2024,11822
0188,Norrtälje,2020,63673
0188,Norrtälje,2024,66585
0191,Sigtuna,2020,49537
0191,Sigtuna,2024,52767
0192,Nynäshamn,2020,28811
0192,Nynäshamn,2024,30579
0305,Håbo,2020,22019
0305,Håbo,2024,22973
0319,Älvkarleby,2020,9511
0319,Älvkarleby,2024,9552
0330,Knivsta,2020,19106
0330,Knivsta,2024,21193
0331,Heby,2020,14101
0331,Heby,2024,14345
0360,Tierp,2020,21327
0360,Tierp,2024,21104
0380,Uppsala,2020,233839
0380,Uppsala,2024,248016
0381,Enköping,2020,46240
0381,Enköping,2024,48591
0382,Östhammar,2020,22251
0382,Östhammar,2024,22138
0428,Vingåker,2020,9144
0428,Vingåker,2024,8750
0461,Gnesta,2020,11421
0461,Gnesta,2024,11458
0480,Nyköping,2020,57071
0480,Nyköping,2024,58344
0481,Oxelösund,2020,11995
0481,Oxelösund,2024,12031
0482,Flen,2020,16431
0482,Flen,2024,15362
0483,Katrineholm,2020,34765
0483,Katrineholm,2024,34154
0484,Eskilstuna,2020,106975
0484,Eskilstuna,2024,107203
0486,Strängnäs,2020,37290
0486,Strängnäs,2024,39313
0488,Trosa,2020,14309
0488,Trosa,2024,14927
0509,Ödeshög,2020,5338
0509,Ödeshög,2024,5237
0512,Ydre,2020,3726
0512,Ydre,2024,3626
0513,Kinda,2020,9991
0513,Kinda,2024,9957
0560,Boxholm,2020,5441
0560,Boxholm,2024,5517
0561,Åtvidaberg,2020,11427
0561,Åtvidaberg,2024,11467
0562,Finspång,2020,21765
0562,Finspång,2024,21623
0563,Valdemarsvik,2020,7737
0563,Valdemarsvik,2024,7525
0580,Linköping,2020,164616
0580,Linköping,2024,168035
0581,Norrköping,2020,143478
0581,Norrköping,2024,144980
0582,Söderköping,2020,14616
0582,Söderköping,2024,14789
0583,Motala,2020,43640
0583,Motala,2024,43505
0584,Vadstena,2020,7423
0584,Vadstena,2024,7490
0586,Mjölby,2020,27960
0586,Mjölby,2024,28695
0604,Aneby,2020,6821
0604,Aneby,2024,6797
0617,Gnosjö,2020,9614
0617,Gnosjö,2024,9131
0642,Mullsjö,2020,7385
0642,Mullsjö,2024,7594
0643,Habo,2020,12589
0643,Habo,2024,13456
0662,Gislaved,2020,29635
0662,Gislaved,2024,28936
0665,Vaggeryd,2020,14532
0665,Vaggeryd,2024,14825
0680,Jönköping,2020,142427
0680,Jönköping,2024,147654
0682,Nässjö,2020,31563
0682,Nässjö,2024,31587
0683,Värnamo,2020,34530
0683,Värnamo,2024,34542
0684,Sävsjö,2020,11721
0684,Sävsjö,2024,11563
0685,Vetlanda,2020,27502
0685,Vetlanda,2024,27528
0686,Eksjö,2020,17788
0686,Eksjö,2024,17792
0687,Tranås,2020,18903
0687,Tranås,2024,18604
0760,Uppvidinge,2020,9498
0760,Uppvidinge,2024,9061
0761,Lessebo,2020,8655
0761,Lessebo,2024,8289
0763,Tingsryd,2020,12369
0763,Tingsryd,2024,11966
0764,Alvesta,2020,20224
0764,Alvesta,2024,19830
0765,Älmhult,2020,17884
0765,Älmhult,2024,17653
0767,Markaryd,2020,10373
0767,Markaryd,2024,9938
0780,Växjö,2020,94859
0780,Växjö,2024,98334
0781,Ljungby,2020,28401
0781,Ljungby,2024,28280
0821,Högsby,2020,5731
0821,Högsby,2024,5321
0834,Torsås,2020,7149
0834,Torsås,2024,6984
0840,Mörbylånga,2020,15487
0840,Mörbylånga,2024,16224
0860,Hultsfred,2020,14107
0860,Hultsfred,2024,13673
0861,Mönsterås,2020,13264
0861,Mönsterås,2024,13069
0862,Emmaboda,2020,9360
0862,Emmaboda,2024,9006
0880,Kalmar,2020,70329
0880,Kalmar,2024,72704
0881,Nybro,2020,20273
0881,Nybro,2024,19951
0882,Oskarshamn,2020,27147
0882,Oskarshamn,2024,26923
0883,Västervik,2020,36655
0883,Västervik,2024,36447
0884,Vimmerby,2020,15672
0884,Vimmerby,2024,15384
0885,Borgholm,2020,10836
0885,Borgholm,2024,10666
0980,Gotland,2020,60124
0980,Gotland,2024,60971
1060,Olofström,2020,13311
1060,Olofström,2024,13000
1080,Karlskrona,2020,66515
1080,Karlskrona,2024,66301
1081,Ronneby,2020,29372
1081,Ronneby,2024,28741
1082,Karlshamn,2020,32402
1082,Karlshamn,2024,31751
1083,Sölvesborg,2020,17456
1083,Sölvesborg,2024,17430
1214,Svalöv,2020,14276
1214,Svalöv,2024,14543
1230,Staffanstorp,2020,25883
1230,Staffanstorp,2024,27303
1231,Burlöv,2020,19312
1231,Burlöv,2024,20101
1233,Vellinge,2020,36915
1233,Vellinge,2024,37816
1256,Östra Göinge,2020,15017
1256,Östra Göinge,2024,13978
1257,Örkelljunga,2020,10451
1257,Örkelljunga,2024,10277
1260,Bjuv,2020,15697
1260,Bjuv,2024,15985
1261,Kävlinge,2020,32020
1261,Kävlinge,2024,32477
1262,Lomma,2020,24876
1262,Lomma,2024,24715
1263,Svedala,2020,22665
1263,Svedala,2024,23581
1264,Skurup,2020,16042
1264,Skurup,2024,17099
1265,Sjöbo,2020,19412
1265,Sjöbo,2024,19337
1266,Hörby,2020,15653
1266,Hörby,2024,15562
1267,Höör,2020,16830
1267,Höör,2024,17518
1270,Tomelilla,2020,13663
1270,Tomelilla,2024,13639
1272,Bromölla,2020,12759
1272,Bromölla,2024,12470
1273,Osby,2020,13198
1273,Osby,2024,12947
1275,Perstorp,2020,7476
1275,Perstorp,2024,7235
1276,Klippan,2020,17738
1276,Klippan,2024,17714
1277,Åstorp,2020,16063
1277,Åstorp,2024,16449
1278,Båstad,2020,15413
1278,Båstad,2024,16026
1280,Malmö,2020,347949
1280,Malmö,2024,365644
1281,Lund,2020,125941
1281,Lund,2024,131590
1282,Landskrona,2020,46305
1282,Landskrona,2024,47309
1283,Helsingborg,2020,149280
1283,Helsingborg,2024,152091
1284,Höganäs,2020,27168
1284,Höganäs,2024,28430
1285,Eslöv,2020,34123
1285,Eslöv,2024,34922
1286,Ystad,2020,30970
1286,Ystad,2024,32106
1287,Trelleborg,2020,45877
1287,Trelleborg,2024,47269
1290,Kristianstad,2020,86217
1290,Kristianstad,2024,86379
1291,Simrishamn,2020,19227
1291,Simrishamn,2024,18890
1292,Ängelholm,2020,42910
1292,Ängelholm,2024,45110
1293,Hässleholm,2020,52010
1293,Hässleholm,2024,52114
1315,Hylte,2020,10649
1315,Hylte,2024,10196
1380,Halmstad,2020,103754
1380,Halmstad,2024,106084
1381,Laholm,2020,25967
1381,Laholm,2024,26595
1382,Falkenberg,2020,46051
1382,Falkenberg,2024,47337
1383,Varberg,2020,65397
1383,Varberg,2024,69070
1384,Kungsbacka,2020,84930
1384,Kungsbacka,2024,85792
1401,Härryda,2020,38246
1401,Härryda,2024,40003
1402,Partille,2020,39512
1402,Partille,2024,41060
1407,Öckerö,2020,12934
1407,Öckerö,2024,12771
1415,Stenungsund,2020,27044
1415,Stenungsund,2024,27851
1419,Tjörn,2020,16147
1419,Tjörn,2024,16092
1421,Orust,2020,15315
1421,Orust,2024,15352
1427,Sotenäs,2020,9100
1427,Sotenäs,2024,9104
1430,Munkedal,2020,10582
1430,Munkedal,2024,10354
1435,Tanum,2020,12912
1435,Tanum,2024,12773
1438,Dals-Ed,2020,4761
1438,Dals-Ed,2024,4606
1439,Färgelanda,2020,6658
1439,Färgelanda,2024,6376
1440,Ale,2020,31868
1440,Ale,2024,32576
1441,Lerum,2020,43020
1441,Lerum,2024,43570
1442,Vårgårda,2020,11946
1442,Vårgårda,2024,12474
1443,Bollebygd,2020,9544
1443,Bollebygd,2024,9802
1444,Grästorp,2020,5685
1444,Grästorp,2024,5555
1445,Essunga,2020,5687
1445,Essunga,2024,5560
1446,Karlsborg,2020,6962
1446,Karlsborg,2024,7023
1447,Gullspång,2020,5169
1447,Gullspång,2024,5031
1452,Tranemo,2020,11885
1452,Tranemo,2024,11839
1460,Bengtsfors,2020,9591
1460,Bengtsfors,2024,9076
1461,Mellerud,2020,9312
1461,Mellerud,2024,9052
1462,Lilla Edet,2020,14282
1462,Lilla Edet,2024,14442
1463,Mark,2020,34896
1463,Mark,2024,35155
1465,Svenljunga,2020,10751
1465,Svenljunga,2024,10747
1466,Herrljunga,2020,9444
1466,Herrljunga,2024,9497
1470,Vara,2020,16096
1470,Vara,2024,16088
1471,Götene,2020,13194
1471,Götene,2024,13286
1472,Tibro,2020,11297
1472,Tibro,2024,11338
1473,Töreboda,2020,9281
1473,Töreboda,2024,9043
1480,Göteborg,2020,583056
1480,Göteborg,2024,608993
1481,Mölndal,2020,69901
1481,Mölndal,2024,71420
1482,Kungälv,2020,47050
1482,Kungälv,2024,50313
1484,Lysekil,2020,14366
1484,Lysekil,2024,13907
1485,Uddevalla,2020,56787
1485,Uddevalla,2024,57010
1486,Strömstad,2020,13244
1486,Strömstad,2024,13482
1487,Vänersborg,2020,39624
1487,Vänersborg,2024,40041
1488,Trollhättan,2020,59249
1488,Trollhättan,2024,59003
1489,Alingsås,2020,41602
1489,Alingsås,2024,42722
1490,Borås,2020,113714
1490,Borås,2024,114872
1491,Ulricehamn,2020,24704
1491,Ulricehamn,2024,24985
1492,Åmål,2020,12441
1492,Åmål,2024,11906
1493,Mariestad,2020,24513
1493,Mariestad,2024,24583
1494,Lidköping,2020,40328
1494,Lidköping,2024,40425
1495,Skara,2020,18695
1495,Skara,2024,18707
1496,Skövde,2020,56791
1496,Skövde,2024,57995
1497,Hjo,2020,9229
1497,Hjo,2024,9350
1498,Tidaholm,2020,12790
1498,Tidaholm,2024,12805
1499,Falköping,2020,33238
1499,Falköping,2024,32806
1715,Kil,2020,12115
1715,Kil,2024,12061
1730,Eda,2020,8550
1730,Eda,2024,8412
1737,Torsby,2020,11549
1737,Torsby,2024,11321
1760,Storfors,2020,3990
1760,Storfors,2024,3788
1761,Hammarö,2020,16668
1761,Hammarö,2024,16992
1762,Munkfors,2020,3725
1762,Munkfors,2024,3625
1763,Forshaga,2020,11524
1763,Forshaga,2024,11520
1764,Grums,2020,9043
1764,Grums,2024,9004
1765,Årjäng,2020,9996
1765,Årjäng,2024,9825
1766,Sunne,2020,13335
1766,Sunne,2024,13356
1780,Karlstad,2020,94828
1780,Karlstad,2024,98084
1781,Kristinehamn,2020,24190
1781,Kristinehamn,2024,23756
1782,Filipstad,2020,10503
1782,Filipstad,2024,9776
1783,Hagfors,2020,11517
1783,Hagfors,2024,11418
1784,Arvika,2020,25932
1784,Arvika,2024,25547
1785,Säffle,2020,15420
1785,Säffle,2024,14899
1814,Lekeberg,2020,8472
1814,Lekeberg,2024,8606
1860,Laxå,2020,5659
1860,Laxå,2024,5423
1861,Hallsberg,2020,15990
1861,Hallsberg,2024,16120
1862,Degerfors,2020,9631
1862,Degerfors,2024,9278
1863,Hällefors,2020,6896
1863,Hällefors,2024,6321
1864,Ljusnarsberg,2020,4674
1864,Ljusnarsberg,2024,4369
1880,Örebro,2020,156381
1880,Örebro,2024,160140
1881,Kumla,2020,21862
1881,Kumla,2024,22681
1882,Askersund,2020,11471
1882,Askersund,2024,11477
1883,Karlskoga,2020,30263
1883,Karlskoga,2024,30180
1884,Nora,2020,10686
1884,Nora,2024,10639
1885,Lindesberg,2020,23658
1885,Lindesberg,2024,23141
1904,Skinnskatteberg,2020,4366
1904,Skinnskatteberg,2024,4256
1907,Surahammar,2020,10092
1907,Surahammar,2024,9845
1960,Kungsör,2020,8745
1960,Kungsör,2024,8694
1961,Hallstahammar,2020,16400
1961,Hallstahammar,2024,16653
1962,Norberg,2020,5729
1962,Norberg,2024,5452
1980,Västerås,2020,155551
1980,Västerås,2024,160634
1981,Sala,2020,22867
1981,Sala,2024,22843
1982,Fagersta,2020,13267
1982,Fagersta,2024,13072
1983,Köping,2020,26085
1983,Köping,2024,25729
1984,Arboga,2020,14039
1984,Arboga,2024,13980
2021,Vansbro,2020,6801
2021,Vansbro,2024,6752
2023,Malung-Sälen,2020,10177
2023,Malung-Sälen,2024,10254
2026,Gagnef,2020,10378
2026,Gagnef,2024,10384
2029,Leksand,2020,15801
2029,Leksand,2024,16137
2031,Rättvik,2020,11047
2031,Rättvik,2024,10998
2034,Orsa,2020,6877
2034,Orsa,2024,6851
2039,Älvdalen,2020,7033
2039,Älvdalen,2024,6882
2061,Smedjebacken,2020,10854
2061,Smedjebacken,2024,10823
2062,Mora,2020,20492
2062,Mora,2024,20540
2080,Falun,2020,59528
2080,Falun,2024,59945
2081,Borlänge,2020,52394
2081,Borlänge,2024,51425
2082,Säter,2020,11161
2082,Säter,2024,11223
2083,Hedemora,2020,15462
2083,Hedemora,2024,15281
2084,Avesta,2020,23067
2084,Avesta,2024,22417
2085,Ludvika,2020,26604
2085,Ludvika,2024,26634
2101,Ockelbo,2020,5884
2101,Ockelbo,2024,5715
2104,Hofors,2020,9570
2104,Hofors,2024,9281
2121,Ovanåker,2020,11672
2121,Ovanåker,2024,11341
2132,Nordanstig,2020,9483
2132,Nordanstig,2024,9262
2161,Ljusdal,2020,18867
2161,Ljusdal,2024,18445
2180,Gävle,2020,102904
2180,Gävle,2024,103838
2181,Sandviken,2020,39290
2181,Sandviken,2024,38360
2182,Söderhamn,2020,25492
2182,Söderhamn,2024,24545
2183,Bollnäs,2020,26809
2183,Bollnäs,2024,26243
2184,Hudiksvall,2020,37531
2184,Hudiksvall,2024,37528
2260,Ånge,2020,9226
2260,Ånge,2024,9044
2262,Timrå,2020,17963
2262,Timrå,2024,17521
2280,Härnösand,2020,25114
2280,Härnösand,2024,24515
2281,Sundsvall,2020,99439
2281,Sundsvall,2024,99048
2282,Kramfors,2020,18133
2282,Kramfors,2024,17491
2283,Sollefteå,2020,18872
2283,Sollefteå,2024,18396
2284,Örnsköldsvik,2020,55807
2284,Örnsköldsvik,2024,55443
2303,Ragunda,2020,5208
2303,Ragunda,2024,5146
2305,Bräcke,2020,6181
2305,Bräcke,2024,6035
2309,Krokom,2020,15054
2309,Krokom,2024,15680
2313,Strömsund,2020,11488
2313,Strömsund,2024,11023
2321,Åre,2020,12049
2321,Åre,2024,12693
2326,Berg,2020,7120
2326,Berg,2024,7108
2361,Härjedalen,2020,10070
2361,Härjedalen,2024,10175
2380,Östersund,2020,63985
2380,Östersund,2024,64979
2401,Nordmaling,2020,7108
2401,Nordmaling,2024,6942
2403,Bjurholm,2020,2387
2403,Bjurholm,2024,2359
2404,Vindeln,2020,5485
2404,Vindeln,2024,5417
2409,Robertsfors,2020,6748
2409,Robertsfors,2024,6690
2417,Norsjö,2020,3945
2417,Norsjö,2024,3968
2418,Malå,2020,3024
2418,Malå,2024,2962
2421,Storuman,2020,5826
2421,Storuman,2024,5577
2422,Sorsele,2020,2442
2422,Sorsele,2024,2357
2425,Dorotea,2020,2498
2425,Dorotea,2024,2294
2460,Vännäs,2020,8997
2460,Vännäs,2024,9132
2462,Vilhelmina,2020,6539
2462,Vilhelmina,2024,6229
2463,Åsele,2020,2805
2463,Åsele,2024,2694
2480,Umeå,2020,130224
2480,Umeå,2024,134249
2481,Lycksele,2020,12324
2481,Lycksele,2024,12118
2482,Skellefteå,2020,72840
2482,Skellefteå,2024,78150
2505,Arvidsjaur,2020,6145
2505,Arvidsjaur,2024,6089
2506,Arjeplog,2020,2718
2506,Arjeplog,2024,2599
2510,Jokkmokk,2020,4851
2510,Jokkmokk,2024,4701
2513,Överkalix,2020,3289
2513,Överkalix,2024,3201
2514,Kalix,2020,15812
2514,Kalix,2024,15391
2518,Övertorneå,2020,4217
2518,Övertorneå,2024,4057
2521,Pajala,2020,5966
2521,Pajala,2024,5857
2523,Gällivare,2020,17462
2523,Gällivare,2024,17233
2560,Älvsbyn,2020,8054
2560,Älvsbyn,2024,7774
2580,Luleå,2020,78549
2580,Luleå,2024,79645
2581,Piteå,2020,42226
2581,Piteå,2024,42447
2582,Boden,2020,28060
2582,Boden,2024,28049
2583,Haparanda,2020,9601
2583,Haparanda,2024,9151
2584,Kiruna,2020,22664
2584,Kiruna,2024,22426
